
================================================================================
HRDexDB INSPECTOR
================================================================================
Hand   : allegro_v5
Object : apple
Scene  : 4
Base   : hrdexdb/allegro_v5/apple/4

################################################################################
# HAND
################################################################################

======================================================================
HAND POSITION
======================================================================
path : hrdexdb/allegro_v5/apple/4/raw/hand/position.npy
type  : NPY
shape : (1357, 16)
dtype : float64
first : [-0.01228712  0.11365584  0.27338837  0.17816321 -0.00921534 -0.03993313
  0.32407274  0.19198622 -0.00460767 -0.0445408   0.38704421  0.25188592
  1.25021425  0.17201965  0.38397244  0.40240311]
last  : [-0.01382301  0.48226938  0.50223595  0.31946507 -0.01228712  0.33175218
  0.56674331  0.36246998 -0.01075123  0.50530773  0.49302061  0.31946507
  1.43452102  0.28106782  0.50684361  0.6588967 ]

======================================================================
HAND ACTION
======================================================================
path : hrdexdb/allegro_v5/apple/4/raw/hand/action.npy
type  : NPY
shape : (1357, 16)
dtype : float64
first : [ 0.          0.11116008  0.27238488  0.17333595  0.         -0.20363995
  0.31474816  0.20029435  0.         -0.40326428  0.38575055  0.24547784
  1.21969933  0.14636737  0.34669463  0.37008789]
last  : [ 0.          0.40905679  0.50993473  0.32450405  0.          0.25226984
  0.57121591  0.36350133 -0.00624538  0.4489176   0.50542191  0.32163228
  1.41587273  0.25632057  0.50502486  0.63529756]

======================================================================
HAND TACTILE
======================================================================
path : hrdexdb/allegro_v5/apple/4/raw/hand/tactile.npy
type  : NPY
shape : (1357, 4)
dtype : int32
first : [19 20 13 10]
last  : [ 5  0  7 10]

======================================================================
HAND TIME
======================================================================
path : hrdexdb/allegro_v5/apple/4/raw/hand/time.npy
type  : NPY
shape : (1357,)
dtype : float64
first : 1779533180.9477208
last  : 1779533194.8877592

################################################################################
# ARM
################################################################################

======================================================================
ARM POSITION
======================================================================
path : hrdexdb/allegro_v5/apple/4/raw/arm/position.npy
type  : NPY
shape : (1798, 6)
dtype : object
first : [-0.42554545402526855 -0.19826893508434296 -0.590317964553833
 2.584272623062134 0.7404237389564514 2.1888985633850098]
last  : [-0.4222857356071472 0.013608327135443687 -0.7514032125473022
 2.412867307662964 0.901769757270813 2.0676469802856445]

======================================================================
ARM ACTION
======================================================================
path : hrdexdb/allegro_v5/apple/4/raw/arm/action.npy
type  : NPY
shape : (1798, 4, 4)
dtype : object
first : [[0.09127420312198217 0.09341651607864959 0.9914345033173774
  0.34976269939485183]
 [0.9677679443725941 -0.24298709638907745 -0.06620027819615054
  -0.15080661836360498]
 [0.2347215918685155 0.9655209088943288 -0.11258396332772175
  0.28718401003921346]
 [0.0 0.0 0.0 1.0]]
last  : [[-0.12673559524053807 0.0675330157217435 0.9896349734556444
  0.4083462295337101]
 [0.9913776036185297 -0.024863905703179284 0.12865548273107386
  -0.15967161819477846]
 [0.03329468339853593 0.997407177626425 -0.06379957740205751
  0.2737842090752095]
 [0.0 0.0 0.0 1.0]]

======================================================================
ARM TORQUE
======================================================================
path : hrdexdb/allegro_v5/apple/4/raw/arm/torque.npy
type  : NPY
shape : (1798, 6)
dtype : object
first : [-7.983681678771973 -14.51205062866211 -18.781450271606445
 -0.8549622893333435 6.355981349945068 4.104575157165527]
last  : [-4.810806739038748e-16 -14.995849609375 -18.565200805664062
 -0.00046361624845303595 2.5759999752044678 0.0016123801469802856]

======================================================================
ARM TIME
======================================================================
path : hrdexdb/allegro_v5/apple/4/raw/arm/time.npy
type  : NPY
shape : (1798,)
dtype : object
first : 1779533180.944886
last  : 1779533194.8470635

======================================================================
ARM VELOCITY
======================================================================
path : hrdexdb/allegro_v5/apple/4/raw/arm/velocity.npy
type  : NPY
shape : (1798, 6)
dtype : object
first : [-0.04577973857522011 -0.022050973027944565 0.029926322400569916
 0.08827237784862518 0.12754639983177185 0.23406903445720673]
last  : [-1.2371057013876537e-15 3.642919299551295e-16 -9.040387940001068e-16 0.0
 6.34413185289139e-17 -6.978544574959386e-16]

################################################################################
# PROCESSED
################################################################################

======================================================================
PROCESSED CONTACT_TENSOR
======================================================================
path : hrdexdb/allegro_v5/apple/4/processed/contact_tensor.npy
type  : NPY
shape : (407, 1, 23, 3)
dtype : float32
first : [[[0. 0. 0.]
  [0. 0. 0.]
  [0. 0. 0.]
  [0. 0. 0.]
  [0. 0. 0.]
  [0. 0. 0.]
  [0. 0. 0.]
  [0. 0. 0.]
  [0. 0. 0.]
  [0. 0. 0.]
  [0. 0. 0.]
  [0. 0. 0.]
  [0. 0. 0.]
  [0. 0. 0.]
  [0. 0. 0.]
  [0. 0. 0.]
  [0. 0. 0.]
  [0. 0. 0.]
  [0. 0. 0.]
  [0. 0. 0.]
  [0. 0. 0.]
  [0. 0. 0.]
  [0. 0. 0.]]]
last  : [[[0. 0. 0.]
  [0. 0. 0.]
  [0. 0. 0.]
  [0. 0. 0.]
  [0. 0. 0.]
  [0. 0. 0.]
  [0. 0. 0.]
  [0. 0. 0.]
  [0. 0. 0.]
  [0. 0. 0.]
  [0. 0. 0.]
  [0. 0. 0.]
  [0. 0. 0.]
  [0. 0. 0.]
  [0. 0. 0.]
  [0. 0. 0.]
  [0. 0. 0.]
  [0. 0. 0.]
  [0. 0. 0.]
  [0. 0. 0.]
  [0. 0. 0.]
  [0. 0. 0.]
  [0. 0. 0.]]]

======================================================================
PROCESSED VALIDITY_MASK
======================================================================
path : hrdexdb/allegro_v5/apple/4/processed/validity_mask.npy
type  : NPY
shape : (407, 1, 23)
dtype : bool
first : [[False False False False False False False False False False False False
  False False False False False False False False False False False]]
last  : [[False False False False False False False False False False False False
  False False False False False False False False False False False]]

################################################################################
# OBJECT
################################################################################

======================================================================
OBJECT 6D POSE
======================================================================
path : hrdexdb/allegro_v5/apple/4/object_6d_pose.npz
type : NPZ
keys : ['frame_0', 'frame_1', 'frame_2', 'frame_3', 'frame_4', 'frame_5', 'frame_6', 'frame_7', 'frame_8', 'frame_9', 'frame_10', 'frame_11', 'frame_12', 'frame_13', 'frame_14', 'frame_15', 'frame_16', 'frame_17', 'frame_18', 'frame_19', 'frame_20', 'frame_21', 'frame_22', 'frame_23', 'frame_24', 'frame_25', 'frame_26', 'frame_27', 'frame_28', 'frame_29', 'frame_30', 'frame_31', 'frame_32', 'frame_33', 'frame_34', 'frame_35', 'frame_36', 'frame_37', 'frame_38', 'frame_39', 'frame_40', 'frame_41', 'frame_42', 'frame_43', 'frame_44', 'frame_45', 'frame_46', 'frame_47', 'frame_48', 'frame_49', 'frame_50', 'frame_51', 'frame_52', 'frame_53', 'frame_54', 'frame_55', 'frame_56', 'frame_57', 'frame_58', 'frame_59', 'frame_60', 'frame_61', 'frame_62', 'frame_63', 'frame_64', 'frame_65', 'frame_66', 'frame_67', 'frame_68', 'frame_69', 'frame_70', 'frame_71', 'frame_72', 'frame_73', 'frame_74', 'frame_75', 'frame_76', 'frame_77', 'frame_78', 'frame_79', 'frame_80', 'frame_81', 'frame_82', 'frame_83', 'frame_84', 'frame_85', 'frame_86', 'frame_87', 'frame_88', 'frame_89', 'frame_90', 'frame_91', 'frame_92', 'frame_93', 'frame_94', 'frame_95', 'frame_96', 'frame_97', 'frame_98', 'frame_99', 'frame_100', 'frame_101', 'frame_102', 'frame_103', 'frame_104', 'frame_105', 'frame_106', 'frame_107', 'frame_108', 'frame_109', 'frame_110', 'frame_111', 'frame_112', 'frame_113', 'frame_114', 'frame_115', 'frame_116', 'frame_117', 'frame_118', 'frame_119', 'frame_120', 'frame_121', 'frame_122', 'frame_123', 'frame_124', 'frame_125', 'frame_126', 'frame_127', 'frame_128', 'frame_129', 'frame_130', 'frame_131', 'frame_132', 'frame_133', 'frame_134', 'frame_135', 'frame_136', 'frame_137', 'frame_138', 'frame_139', 'frame_140', 'frame_141', 'frame_142', 'frame_143', 'frame_144', 'frame_145', 'frame_146', 'frame_147', 'frame_148', 'frame_149', 'frame_150', 'frame_151', 'frame_152', 'frame_153', 'frame_154', 'frame_155', 'frame_156', 'frame_157', 'frame_158', 'frame_159', 'frame_160', 'frame_161', 'frame_162', 'frame_163', 'frame_164', 'frame_165', 'frame_166', 'frame_167', 'frame_168', 'frame_169', 'frame_170', 'frame_171', 'frame_172', 'frame_173', 'frame_174', 'frame_175', 'frame_176', 'frame_177', 'frame_178', 'frame_179', 'frame_180', 'frame_181', 'frame_182', 'frame_183', 'frame_184', 'frame_185', 'frame_186', 'frame_187', 'frame_188', 'frame_189', 'frame_190', 'frame_191', 'frame_192', 'frame_193', 'frame_194', 'frame_195', 'frame_196', 'frame_197', 'frame_198', 'frame_199', 'frame_200', 'frame_201', 'frame_202', 'frame_203', 'frame_204', 'frame_205', 'frame_206', 'frame_207', 'frame_208', 'frame_209', 'frame_210', 'frame_211', 'frame_212', 'frame_213', 'frame_214', 'frame_215', 'frame_216', 'frame_217', 'frame_218', 'frame_219', 'frame_220', 'frame_221', 'frame_222', 'frame_223', 'frame_224', 'frame_225', 'frame_226', 'frame_227', 'frame_228', 'frame_229', 'frame_230', 'frame_231', 'frame_232', 'frame_233', 'frame_234', 'frame_235', 'frame_236', 'frame_237', 'frame_238', 'frame_239', 'frame_240', 'frame_241', 'frame_242', 'frame_243', 'frame_244', 'frame_245', 'frame_246', 'frame_247', 'frame_248', 'frame_249', 'frame_250', 'frame_251', 'frame_252', 'frame_253', 'frame_254', 'frame_255', 'frame_256', 'frame_257', 'frame_258', 'frame_259', 'frame_260', 'frame_261', 'frame_262', 'frame_263', 'frame_264', 'frame_265', 'frame_266', 'frame_267', 'frame_268', 'frame_269', 'frame_270', 'frame_271', 'frame_272', 'frame_273', 'frame_274', 'frame_275', 'frame_276', 'frame_277', 'frame_278', 'frame_279', 'frame_280', 'frame_281', 'frame_282', 'frame_283', 'frame_284', 'frame_285', 'frame_286', 'frame_287', 'frame_288', 'frame_289', 'frame_290', 'frame_291', 'frame_292', 'frame_293', 'frame_294', 'frame_295', 'frame_296', 'frame_297', 'frame_298', 'frame_299', 'frame_300', 'frame_301', 'frame_302', 'frame_303', 'frame_304', 'frame_305', 'frame_306', 'frame_307', 'frame_308', 'frame_309', 'frame_310', 'frame_311', 'frame_312', 'frame_313', 'frame_314', 'frame_315', 'frame_316', 'frame_317', 'frame_318', 'frame_319', 'frame_320', 'frame_321', 'frame_322', 'frame_323', 'frame_324', 'frame_325', 'frame_326', 'frame_327', 'frame_328', 'frame_329', 'frame_330', 'frame_331', 'frame_332', 'frame_333', 'frame_334', 'frame_335', 'frame_336', 'frame_337', 'frame_338', 'frame_339', 'frame_340', 'frame_341', 'frame_342', 'frame_343', 'frame_344', 'frame_345', 'frame_346', 'frame_347', 'frame_348', 'frame_349', 'frame_350', 'frame_351', 'frame_352', 'frame_353', 'frame_354', 'frame_355', 'frame_356', 'frame_357', 'frame_358', 'frame_359', 'frame_360', 'frame_361', 'frame_362', 'frame_363', 'frame_364', 'frame_365', 'frame_366', 'frame_367', 'frame_368', 'frame_369', 'frame_370', 'frame_371', 'frame_372', 'frame_373', 'frame_374', 'frame_375', 'frame_376', 'frame_377', 'frame_378', 'frame_379', 'frame_380', 'frame_381', 'frame_382', 'frame_383', 'frame_384', 'frame_385', 'frame_386', 'frame_387', 'frame_388', 'frame_389', 'frame_390', 'frame_391', 'frame_392', 'frame_393', 'frame_394', 'frame_395', 'frame_396', 'frame_397', 'frame_398', 'frame_399', 'frame_400', 'frame_401', 'frame_402', 'frame_403', 'frame_404', 'frame_405', 'frame_406']

KEY: frame_0
  shape : (4, 4)
  dtype : float32
  first : [-0.93116635  0.07508573 -0.35677707 -0.19688648]
  last  : [0. 0. 0. 1.]

KEY: frame_1
  shape : (4, 4)
  dtype : float32
  first : [-0.9340125   0.07785502 -0.3486514  -0.19658154]
  last  : [0. 0. 0. 1.]

KEY: frame_2
  shape : (4, 4)
  dtype : float32
  first : [-0.9276419   0.08831546 -0.36287647 -0.19655514]
  last  : [0. 0. 0. 1.]

KEY: frame_3
  shape : (4, 4)
  dtype : float32
  first : [-0.9271173   0.07998198 -0.36613512 -0.19647521]
  last  : [0. 0. 0. 1.]

KEY: frame_4
  shape : (4, 4)
  dtype : float32
  first : [-0.92406994  0.07294732 -0.37519586 -0.19616121]
  last  : [0. 0. 0. 1.]

KEY: frame_5
  shape : (4, 4)
  dtype : float32
  first : [-0.9285944   0.06570193 -0.3652319  -0.19616789]
  last  : [0. 0. 0. 1.]

KEY: frame_6
  shape : (4, 4)
  dtype : float32
  first : [-0.93031746  0.08578989 -0.35657853 -0.19673532]
  last  : [0. 0. 0. 1.]

KEY: frame_7
  shape : (4, 4)
  dtype : float32
  first : [-0.92857385  0.07909206 -0.3626207  -0.19634223]
  last  : [0. 0. 0. 1.]

KEY: frame_8
  shape : (4, 4)
  dtype : float32
  first : [-0.92743874  0.0777269  -0.3658069  -0.19657105]
  last  : [0. 0. 0. 1.]

KEY: frame_9
  shape : (4, 4)
  dtype : float32
  first : [-0.9324338   0.06495479 -0.3554529  -0.19551557]
  last  : [0. 0. 0. 1.]

KEY: frame_10
  shape : (4, 4)
  dtype : float32
  first : [-0.93664753  0.07441947 -0.34227452 -0.1958952 ]
  last  : [0. 0. 0. 1.]

KEY: frame_11
  shape : (4, 4)
  dtype : float32
  first : [-0.93424     0.08944547 -0.34524456 -0.19651008]
  last  : [0. 0. 0. 1.]

KEY: frame_12
  shape : (4, 4)
  dtype : float32
  first : [-0.9309696   0.08569431 -0.35489535 -0.19627488]
  last  : [0. 0. 0. 1.]

KEY: frame_13
  shape : (4, 4)
  dtype : float32
  first : [-0.9197519   0.09179306 -0.38161382 -0.19671881]
  last  : [0. 0. 0. 1.]

KEY: frame_14
  shape : (4, 4)
  dtype : float32
  first : [-0.92333865  0.07343575 -0.37689748 -0.19668877]
  last  : [0. 0. 0. 1.]

KEY: frame_15
  shape : (4, 4)
  dtype : float32
  first : [-0.9282298   0.09095734 -0.36071452 -0.19595909]
  last  : [0. 0. 0. 1.]

KEY: frame_16
  shape : (4, 4)
  dtype : float32
  first : [-0.9324268   0.10816246 -0.34478962 -0.19674379]
  last  : [0. 0. 0. 1.]

KEY: frame_17
  shape : (4, 4)
  dtype : float32
  first : [-0.9351845   0.07463074 -0.3462068  -0.19650853]
  last  : [0. 0. 0. 1.]

KEY: frame_18
  shape : (4, 4)
  dtype : float32
  first : [-0.9276402   0.08766073 -0.36304006 -0.19626522]
  last  : [0. 0. 0. 1.]

KEY: frame_19
  shape : (4, 4)
  dtype : float32
  first : [-0.9377662   0.07706395 -0.3386069  -0.1963287 ]
  last  : [0. 0. 0. 1.]

KEY: frame_20
  shape : (4, 4)
  dtype : float32
  first : [-0.9263809   0.06250072 -0.3713638  -0.19608879]
  last  : [0. 0. 0. 1.]

KEY: frame_21
  shape : (4, 4)
  dtype : float32
  first : [-0.9293153   0.05604523 -0.36500818 -0.19644243]
  last  : [0. 0. 0. 1.]

KEY: frame_22
  shape : (4, 4)
  dtype : float32
  first : [-0.9313071   0.07670903 -0.35606462 -0.1960544 ]
  last  : [0. 0. 0. 1.]

KEY: frame_23
  shape : (4, 4)
  dtype : float32
  first : [-0.9376881   0.07831576 -0.33853626 -0.19637805]
  last  : [0. 0. 0. 1.]

KEY: frame_24
  shape : (4, 4)
  dtype : float32
  first : [-0.92924696  0.07312861 -0.36214858 -0.1957829 ]
  last  : [0. 0. 0. 1.]

KEY: frame_25
  shape : (4, 4)
  dtype : float32
  first : [-0.9312793   0.07959399 -0.3555037  -0.19674832]
  last  : [0. 0. 0. 1.]

KEY: frame_26
  shape : (4, 4)
  dtype : float32
  first : [-0.9280623   0.08342323 -0.3629606  -0.19671953]
  last  : [0. 0. 0. 1.]

KEY: frame_27
  shape : (4, 4)
  dtype : float32
  first : [-0.92663306  0.08107364 -0.36712062 -0.19646734]
  last  : [0. 0. 0. 1.]

KEY: frame_28
  shape : (4, 4)
  dtype : float32
  first : [-0.9367198   0.08620045 -0.33930063 -0.19716835]
  last  : [0. 0. 0. 1.]

KEY: frame_29
  shape : (4, 4)
  dtype : float32
  first : [-0.931205    0.07757503 -0.35614467 -0.19645369]
  last  : [0. 0. 0. 1.]

KEY: frame_30
  shape : (4, 4)
  dtype : float32
  first : [-0.926977    0.08325467 -0.36576217 -0.19632447]
  last  : [0. 0. 0. 1.]

KEY: frame_31
  shape : (4, 4)
  dtype : float32
  first : [-0.93609756  0.09835324 -0.33770928 -0.19686711]
  last  : [0. 0. 0. 1.]

KEY: frame_32
  shape : (4, 4)
  dtype : float32
  first : [-0.92283076  0.08066502 -0.3766646  -0.1965751 ]
  last  : [0. 0. 0. 1.]

KEY: frame_33
  shape : (4, 4)
  dtype : float32
  first : [-0.9344133   0.08536085 -0.34581053 -0.19647884]
  last  : [0. 0. 0. 1.]

KEY: frame_34
  shape : (4, 4)
  dtype : float32
  first : [-0.93059456  0.0780364  -0.35763642 -0.19651729]
  last  : [0. 0. 0. 1.]

KEY: frame_35
  shape : (4, 4)
  dtype : float32
  first : [-0.9273818   0.07904333 -0.36567035 -0.1964773 ]
  last  : [0. 0. 0. 1.]

KEY: frame_36
  shape : (4, 4)
  dtype : float32
  first : [-0.92543036  0.08395153 -0.3695003  -0.19655138]
  last  : [0. 0. 0. 1.]

KEY: frame_37
  shape : (4, 4)
  dtype : float32
  first : [-0.92735964  0.07741335 -0.3660749  -0.19672978]
  last  : [0. 0. 0. 1.]

KEY: frame_38
  shape : (4, 4)
  dtype : float32
  first : [-0.9290993   0.08199757 -0.360625   -0.19623107]
  last  : [0. 0. 0. 1.]

KEY: frame_39
  shape : (4, 4)
  dtype : float32
  first : [-0.9357383   0.08941028 -0.341173   -0.19680119]
  last  : [0. 0. 0. 1.]

KEY: frame_40
  shape : (4, 4)
  dtype : float32
  first : [-0.9343921   0.08669195 -0.3455365  -0.19656217]
  last  : [0. 0. 0. 1.]

KEY: frame_41
  shape : (4, 4)
  dtype : float32
  first : [-0.9327849   0.07672891 -0.3521709  -0.19611526]
  last  : [0. 0. 0. 1.]

KEY: frame_42
  shape : (4, 4)
  dtype : float32
  first : [-0.9281286   0.07169634 -0.36528918 -0.19677973]
  last  : [0. 0. 0. 1.]

KEY: frame_43
  shape : (4, 4)
  dtype : float32
  first : [-0.9389856   0.08370331 -0.3336152  -0.19655871]
  last  : [0. 0. 0. 1.]

KEY: frame_44
  shape : (4, 4)
  dtype : float32
  first : [-0.9286334   0.08477974 -0.36118114 -0.19685769]
  last  : [0. 0. 0. 1.]

KEY: frame_45
  shape : (4, 4)
  dtype : float32
  first : [-0.9423853   0.07949802 -0.32494494 -0.19665289]
  last  : [0. 0. 0. 1.]

KEY: frame_46
  shape : (4, 4)
  dtype : float32
  first : [-0.93709457  0.07974195 -0.33984473 -0.19606471]
  last  : [0. 0. 0. 1.]

KEY: frame_47
  shape : (4, 4)
  dtype : float32
  first : [-0.931996    0.08610609 -0.35209185 -0.19658798]
  last  : [0. 0. 0. 1.]

KEY: frame_48
  shape : (4, 4)
  dtype : float32
  first : [-0.92767614  0.07743421 -0.36526743 -0.19588614]
  last  : [0. 0. 0. 1.]

KEY: frame_49
  shape : (4, 4)
  dtype : float32
  first : [-0.9283898   0.0837025  -0.36205775 -0.19631314]
  last  : [0. 0. 0. 1.]

KEY: frame_50
  shape : (4, 4)
  dtype : float32
  first : [-0.93246156  0.08227935 -0.35177413 -0.19638956]
  last  : [0. 0. 0. 1.]

KEY: frame_51
  shape : (4, 4)
  dtype : float32
  first : [-0.92949337  0.0682137  -0.36247557 -0.19612849]
  last  : [0. 0. 0. 1.]

KEY: frame_52
  shape : (4, 4)
  dtype : float32
  first : [-0.92553467  0.08396602 -0.3692356  -0.19669724]
  last  : [0. 0. 0. 1.]

KEY: frame_53
  shape : (4, 4)
  dtype : float32
  first : [-0.9360473   0.09653142 -0.3383738  -0.19620806]
  last  : [0. 0. 0. 1.]

KEY: frame_54
  shape : (4, 4)
  dtype : float32
  first : [-0.9268683   0.0839133  -0.365887   -0.19628745]
  last  : [0. 0. 0. 1.]

KEY: frame_55
  shape : (4, 4)
  dtype : float32
  first : [-0.93383056  0.08076733 -0.34847772 -0.19632286]
  last  : [0. 0. 0. 1.]

KEY: frame_56
  shape : (4, 4)
  dtype : float32
  first : [-0.92114013  0.10128036 -0.3758229  -0.19663298]
  last  : [0. 0. 0. 1.]

KEY: frame_57
  shape : (4, 4)
  dtype : float32
  first : [-0.93120253  0.07834169 -0.3559834  -0.19659   ]
  last  : [0. 0. 0. 1.]

KEY: frame_58
  shape : (4, 4)
  dtype : float32
  first : [-0.93776417  0.08307686 -0.3371888  -0.19603449]
  last  : [0. 0. 0. 1.]

KEY: frame_59
  shape : (4, 4)
  dtype : float32
  first : [-0.9352313   0.09108999 -0.34211794 -0.19623852]
  last  : [0. 0. 0. 1.]

KEY: frame_60
  shape : (4, 4)
  dtype : float32
  first : [-0.93813384  0.0896306  -0.33447143 -0.19644076]
  last  : [0. 0. 0. 1.]

KEY: frame_61
  shape : (4, 4)
  dtype : float32
  first : [-0.93024296  0.09776154 -0.3536813  -0.19626945]
  last  : [0. 0. 0. 1.]

KEY: frame_62
  shape : (4, 4)
  dtype : float32
  first : [-0.92518306  0.08254179 -0.37043598 -0.19655645]
  last  : [0. 0. 0. 1.]

KEY: frame_63
  shape : (4, 4)
  dtype : float32
  first : [-0.92783237  0.0877654  -0.36252454 -0.19646245]
  last  : [0. 0. 0. 1.]

KEY: frame_64
  shape : (4, 4)
  dtype : float32
  first : [-0.9375428   0.0722414  -0.34028548 -0.19625306]
  last  : [0. 0. 0. 1.]

KEY: frame_65
  shape : (4, 4)
  dtype : float32
  first : [-0.92869025  0.07803243 -0.36255342 -0.19637501]
  last  : [0. 0. 0. 1.]

KEY: frame_66
  shape : (4, 4)
  dtype : float32
  first : [-0.927326    0.08310398 -0.36491054 -0.19625235]
  last  : [0. 0. 0. 1.]

KEY: frame_67
  shape : (4, 4)
  dtype : float32
  first : [-0.92671245  0.06264091 -0.37051293 -0.19662285]
  last  : [0. 0. 0. 1.]

KEY: frame_68
  shape : (4, 4)
  dtype : float32
  first : [-0.93135875  0.06825593 -0.35764733 -0.19620961]
  last  : [0. 0. 0. 1.]

KEY: frame_69
  shape : (4, 4)
  dtype : float32
  first : [-0.93255043  0.08060831 -0.35192552 -0.19625175]
  last  : [0. 0. 0. 1.]

KEY: frame_70
  shape : (4, 4)
  dtype : float32
  first : [-0.934726    0.07482642 -0.3474014  -0.19652796]
  last  : [0. 0. 0. 1.]

KEY: frame_71
  shape : (4, 4)
  dtype : float32
  first : [-0.9318199   0.07119152 -0.3558694  -0.1964587 ]
  last  : [0. 0. 0. 1.]

KEY: frame_72
  shape : (4, 4)
  dtype : float32
  first : [-0.9166917   0.0694823  -0.39350757 -0.19626963]
  last  : [0. 0. 0. 1.]

KEY: frame_73
  shape : (4, 4)
  dtype : float32
  first : [-0.93594146  0.08696201 -0.3412489  -0.19624698]
  last  : [0. 0. 0. 1.]

KEY: frame_74
  shape : (4, 4)
  dtype : float32
  first : [-0.9284896   0.08007839 -0.36262095 -0.19636309]
  last  : [0. 0. 0. 1.]

KEY: frame_75
  shape : (4, 4)
  dtype : float32
  first : [-0.9355675   0.0710462  -0.34592703 -0.1958875 ]
  last  : [0. 0. 0. 1.]

KEY: frame_76
  shape : (4, 4)
  dtype : float32
  first : [-0.93494254  0.06978616 -0.34786764 -0.19631016]
  last  : [0. 0. 0. 1.]

KEY: frame_77
  shape : (4, 4)
  dtype : float32
  first : [-0.93832445  0.07985958 -0.33640644 -0.19610614]
  last  : [0. 0. 0. 1.]

KEY: frame_78
  shape : (4, 4)
  dtype : float32
  first : [-0.93536705  0.07500097 -0.34563437 -0.19638604]
  last  : [0. 0. 0. 1.]

KEY: frame_79
  shape : (4, 4)
  dtype : float32
  first : [-0.91487104  0.0687651  -0.39784694 -0.19627887]
  last  : [0. 0. 0. 1.]

KEY: frame_80
  shape : (4, 4)
  dtype : float32
  first : [-0.9270132   0.05111566 -0.37152845 -0.19586676]
  last  : [0. 0. 0. 1.]

KEY: frame_81
  shape : (4, 4)
  dtype : float32
  first : [-0.93549204  0.06053367 -0.34812337 -0.19624484]
  last  : [0. 0. 0. 1.]

KEY: frame_82
  shape : (4, 4)
  dtype : float32
  first : [-0.9216222   0.07439297 -0.38089076 -0.19649798]
  last  : [0. 0. 0. 1.]

KEY: frame_83
  shape : (4, 4)
  dtype : float32
  first : [-0.9258193   0.06675541 -0.3720242  -0.19592988]
  last  : [0. 0. 0. 1.]

KEY: frame_84
  shape : (4, 4)
  dtype : float32
  first : [-0.9288136   0.08986464 -0.35948482 -0.19670469]
  last  : [0. 0. 0. 1.]

KEY: frame_85
  shape : (4, 4)
  dtype : float32
  first : [-0.92837244  0.08080465 -0.36276022 -0.19616431]
  last  : [0. 0. 0. 1.]

KEY: frame_86
  shape : (4, 4)
  dtype : float32
  first : [-0.9250897   0.07739657 -0.3717778  -0.19658107]
  last  : [0. 0. 0. 1.]

KEY: frame_87
  shape : (4, 4)
  dtype : float32
  first : [-0.9249902   0.07851195 -0.37179157 -0.19660652]
  last  : [0. 0. 0. 1.]

KEY: frame_88
  shape : (4, 4)
  dtype : float32
  first : [-0.9336529   0.07317245 -0.3506251  -0.19605345]
  last  : [0. 0. 0. 1.]

KEY: frame_89
  shape : (4, 4)
  dtype : float32
  first : [-0.9391639   0.08943984 -0.33161944 -0.19622135]
  last  : [0. 0. 0. 1.]

KEY: frame_90
  shape : (4, 4)
  dtype : float32
  first : [-0.91006064  0.08744055 -0.40514654 -0.19551522]
  last  : [0. 0. 0. 1.]

KEY: frame_91
  shape : (4, 4)
  dtype : float32
  first : [-0.92536116  0.09300661 -0.36750025 -0.19660854]
  last  : [0. 0. 0. 1.]

KEY: frame_92
  shape : (4, 4)
  dtype : float32
  first : [-0.92480135  0.09612811 -0.36810583 -0.19683617]
  last  : [0. 0. 0. 1.]

KEY: frame_93
  shape : (4, 4)
  dtype : float32
  first : [-0.9283563   0.09172377 -0.36019644 -0.19677562]
  last  : [0. 0. 0. 1.]

KEY: frame_94
  shape : (4, 4)
  dtype : float32
  first : [-0.9255643   0.09497172 -0.3664851  -0.19669735]
  last  : [0. 0. 0. 1.]

KEY: frame_95
  shape : (4, 4)
  dtype : float32
  first : [-0.9270067   0.09700382 -0.362283   -0.19646704]
  last  : [0. 0. 0. 1.]

KEY: frame_96
  shape : (4, 4)
  dtype : float32
  first : [-0.9256041   0.10304046 -0.36419776 -0.19667917]
  last  : [0. 0. 0. 1.]

KEY: frame_97
  shape : (4, 4)
  dtype : float32
  first : [-0.9028168   0.09614843 -0.41913936 -0.19659585]
  last  : [0. 0. 0. 1.]

KEY: frame_98
  shape : (4, 4)
  dtype : float32
  first : [-0.91394436  0.08635101 -0.39654705 -0.19669479]
  last  : [0. 0. 0. 1.]

KEY: frame_99
  shape : (4, 4)
  dtype : float32
  first : [-0.92455876  0.11355051 -0.36372757 -0.19652843]
  last  : [0. 0. 0. 1.]

KEY: frame_100
  shape : (4, 4)
  dtype : float32
  first : [-0.9240136   0.09588456 -0.37014225 -0.19637609]
  last  : [0. 0. 0. 1.]

KEY: frame_101
  shape : (4, 4)
  dtype : float32
  first : [-0.9327079   0.08982897 -0.3492661  -0.19627595]
  last  : [0. 0. 0. 1.]

KEY: frame_102
  shape : (4, 4)
  dtype : float32
  first : [-0.9182009   0.09368166 -0.38487804 -0.19623727]
  last  : [0. 0. 0. 1.]

KEY: frame_103
  shape : (4, 4)
  dtype : float32
  first : [-0.9402838   0.09737194 -0.32616758 -0.19650882]
  last  : [0. 0. 0. 1.]

KEY: frame_104
  shape : (4, 4)
  dtype : float32
  first : [-0.9381378   0.08933812 -0.33453894 -0.19631308]
  last  : [0. 0. 0. 1.]

KEY: frame_105
  shape : (4, 4)
  dtype : float32
  first : [-0.91929203  0.07787842 -0.3857947  -0.19602573]
  last  : [0. 0. 0. 1.]

KEY: frame_106
  shape : (4, 4)
  dtype : float32
  first : [-0.9303142   0.09543645 -0.35412964 -0.19637406]
  last  : [0. 0. 0. 1.]

KEY: frame_107
  shape : (4, 4)
  dtype : float32
  first : [-0.9260776   0.12233996 -0.3569506  -0.19673276]
  last  : [0. 0. 0. 1.]

KEY: frame_108
  shape : (4, 4)
  dtype : float32
  first : [-0.936459    0.10106447 -0.33590323 -0.19599468]
  last  : [0. 0. 0. 1.]

KEY: frame_109
  shape : (4, 4)
  dtype : float32
  first : [-0.9254748   0.10148659 -0.3649621  -0.19631553]
  last  : [0. 0. 0. 1.]

KEY: frame_110
  shape : (4, 4)
  dtype : float32
  first : [-0.81612176  0.08443072 -0.57167923 -0.19660163]
  last  : [0. 0. 0. 1.]

KEY: frame_111
  shape : (4, 4)
  dtype : float32
  first : [-0.70338714  0.09392938 -0.7045736  -0.19568706]
  last  : [0. 0. 0. 1.]

KEY: frame_112
  shape : (4, 4)
  dtype : float32
  first : [-0.5931961   0.07617214 -0.8014464  -0.19639075]
  last  : [0. 0. 0. 1.]

KEY: frame_113
  shape : (4, 4)
  dtype : float32
  first : [-0.61625004  0.0845663  -0.78299725 -0.19602048]
  last  : [0. 0. 0. 1.]

KEY: frame_114
  shape : (4, 4)
  dtype : float32
  first : [-0.57998323  0.0873287  -0.809934   -0.1964559 ]
  last  : [0. 0. 0. 1.]

KEY: frame_115
  shape : (4, 4)
  dtype : float32
  first : [-0.5631203   0.07071951 -0.82334334 -0.19615197]
  last  : [0. 0. 0. 1.]

KEY: frame_116
  shape : (4, 4)
  dtype : float32
  first : [-0.59474117  0.09344923 -0.7984674  -0.19562608]
  last  : [0. 0. 0. 1.]

KEY: frame_117
  shape : (4, 4)
  dtype : float32
  first : [-0.60053974  0.10115695 -0.7931704  -0.19563544]
  last  : [0. 0. 0. 1.]

KEY: frame_118
  shape : (4, 4)
  dtype : float32
  first : [-0.6220837   0.09730926 -0.7768801  -0.19582689]
  last  : [0. 0. 0. 1.]

KEY: frame_119
  shape : (4, 4)
  dtype : float32
  first : [-0.60563105  0.11181608 -0.78785026 -0.196289  ]
  last  : [0. 0. 0. 1.]

KEY: frame_120
  shape : (4, 4)
  dtype : float32
  first : [-0.6200305   0.10704857 -0.7772404  -0.1964578 ]
  last  : [0. 0. 0. 1.]

KEY: frame_121
  shape : (4, 4)
  dtype : float32
  first : [-0.5395736   0.10692057 -0.8351217  -0.19635212]
  last  : [0. 0. 0. 1.]

KEY: frame_122
  shape : (4, 4)
  dtype : float32
  first : [-0.61684084  0.08656573 -0.78231317 -0.1958093 ]
  last  : [0. 0. 0. 1.]

KEY: frame_123
  shape : (4, 4)
  dtype : float32
  first : [-0.60557747  0.0824351  -0.79150516 -0.19567919]
  last  : [0. 0. 0. 1.]

KEY: frame_124
  shape : (4, 4)
  dtype : float32
  first : [-0.5570701   0.08748269 -0.8258449  -0.1959393 ]
  last  : [0. 0. 0. 1.]

KEY: frame_125
  shape : (4, 4)
  dtype : float32
  first : [-0.61887914  0.08018589 -0.7813828  -0.19609392]
  last  : [0. 0. 0. 1.]

KEY: frame_126
  shape : (4, 4)
  dtype : float32
  first : [-0.6125487   0.07449728 -0.78691447 -0.19617933]
  last  : [0. 0. 0. 1.]

KEY: frame_127
  shape : (4, 4)
  dtype : float32
  first : [-0.6037549   0.07557032 -0.79358    -0.19575244]
  last  : [0. 0. 0. 1.]

KEY: frame_128
  shape : (4, 4)
  dtype : float32
  first : [-0.5794886   0.07885954 -0.81115615 -0.19611835]
  last  : [0. 0. 0. 1.]

KEY: frame_129
  shape : (4, 4)
  dtype : float32
  first : [-0.6135273   0.09295285 -0.7841837  -0.19584244]
  last  : [0. 0. 0. 1.]

KEY: frame_130
  shape : (4, 4)
  dtype : float32
  first : [-0.69264364  0.07182178 -0.71769524 -0.1956389 ]
  last  : [0. 0. 0. 1.]

KEY: frame_131
  shape : (4, 4)
  dtype : float32
  first : [-0.7002667   0.08266276 -0.7090792  -0.19564176]
  last  : [0. 0. 0. 1.]

KEY: frame_132
  shape : (4, 4)
  dtype : float32
  first : [-0.7256656   0.1081199  -0.6794994  -0.19560218]
  last  : [0. 0. 0. 1.]

KEY: frame_133
  shape : (4, 4)
  dtype : float32
  first : [-0.62035143  0.10669875 -0.7770324  -0.19568741]
  last  : [0. 0. 0. 1.]

KEY: frame_134
  shape : (4, 4)
  dtype : float32
  first : [-0.6280402   0.09904435 -0.771852   -0.1962713 ]
  last  : [0. 0. 0. 1.]

KEY: frame_135
  shape : (4, 4)
  dtype : float32
  first : [-0.6010373   0.0723561  -0.79593873 -0.19606   ]
  last  : [0. 0. 0. 1.]

KEY: frame_136
  shape : (4, 4)
  dtype : float32
  first : [-0.6171745   0.08527717 -0.78219134 -0.19605273]
  last  : [0. 0. 0. 1.]

KEY: frame_137
  shape : (4, 4)
  dtype : float32
  first : [-0.6296157   0.06765366 -0.7739554  -0.19627434]
  last  : [0. 0. 0. 1.]

KEY: frame_138
  shape : (4, 4)
  dtype : float32
  first : [-0.67647827  0.10299125 -0.72922534 -0.19614434]
  last  : [0. 0. 0. 1.]

KEY: frame_139
  shape : (4, 4)
  dtype : float32
  first : [-0.61341816  0.1114347  -0.7818569  -0.1966446 ]
  last  : [0. 0. 0. 1.]

KEY: frame_140
  shape : (4, 4)
  dtype : float32
  first : [-0.622237    0.09976342 -0.77644587 -0.19589764]
  last  : [0. 0. 0. 1.]

KEY: frame_141
  shape : (4, 4)
  dtype : float32
  first : [-0.64738166  0.11374721 -0.75363    -0.19648707]
  last  : [0. 0. 0. 1.]

KEY: frame_142
  shape : (4, 4)
  dtype : float32
  first : [-0.60991985  0.09477755 -0.7867749  -0.19571418]
  last  : [0. 0. 0. 1.]

KEY: frame_143
  shape : (4, 4)
  dtype : float32
  first : [-0.60745955  0.06091112 -0.7920116  -0.19362712]
  last  : [0. 0. 0. 1.]

KEY: frame_144
  shape : (4, 4)
  dtype : float32
  first : [-0.64334726  0.07675087 -0.7617173  -0.19293773]
  last  : [0. 0. 0. 1.]

KEY: frame_145
  shape : (4, 4)
  dtype : float32
  first : [-0.64422417  0.07405832 -0.7612426  -0.19204134]
  last  : [0. 0. 0. 1.]

KEY: frame_146
  shape : (4, 4)
  dtype : float32
  first : [-0.66875     0.05465963 -0.7414753  -0.19107312]
  last  : [0. 0. 0. 1.]

KEY: frame_147
  shape : (4, 4)
  dtype : float32
  first : [-0.67015886  0.07312497 -0.73860645 -0.19148904]
  last  : [0. 0. 0. 1.]

KEY: frame_148
  shape : (4, 4)
  dtype : float32
  first : [-0.7658859   0.09304959 -0.6362079  -0.1905629 ]
  last  : [0. 0. 0. 1.]

KEY: frame_149
  shape : (4, 4)
  dtype : float32
  first : [-0.77318573  0.08130503 -0.6289462  -0.18958986]
  last  : [0. 0. 0. 1.]

KEY: frame_150
  shape : (4, 4)
  dtype : float32
  first : [-0.8141564   0.08736828 -0.57403487 -0.1884011 ]
  last  : [0. 0. 0. 1.]

KEY: frame_151
  shape : (4, 4)
  dtype : float32
  first : [-0.82946867  0.07687238 -0.553238   -0.18806195]
  last  : [0. 0. 0. 1.]

KEY: frame_152
  shape : (4, 4)
  dtype : float32
  first : [-0.8146788   0.07638007 -0.5748604  -0.18848914]
  last  : [0. 0. 0. 1.]

KEY: frame_153
  shape : (4, 4)
  dtype : float32
  first : [-0.8247218   0.09355146 -0.5577473  -0.18837196]
  last  : [0. 0. 0. 1.]

KEY: frame_154
  shape : (4, 4)
  dtype : float32
  first : [-0.8385273   0.10855868 -0.5339351  -0.18776727]
  last  : [0. 0. 0. 1.]

KEY: frame_155
  shape : (4, 4)
  dtype : float32
  first : [-0.8325029   0.10736698 -0.54351723 -0.18650967]
  last  : [0. 0. 0. 1.]

KEY: frame_156
  shape : (4, 4)
  dtype : float32
  first : [-0.83358216  0.10700223 -0.54193276 -0.1874643 ]
  last  : [0. 0. 0. 1.]

KEY: frame_157
  shape : (4, 4)
  dtype : float32
  first : [-0.82228076  0.10590023 -0.55914146 -0.18763232]
  last  : [0. 0. 0. 1.]

KEY: frame_158
  shape : (4, 4)
  dtype : float32
  first : [-0.8466001   0.09807444 -0.52311504 -0.18684167]
  last  : [0. 0. 0. 1.]

KEY: frame_159
  shape : (4, 4)
  dtype : float32
  first : [-0.8492764   0.10096857 -0.51820326 -0.18659097]
  last  : [0. 0. 0. 1.]

KEY: frame_160
  shape : (4, 4)
  dtype : float32
  first : [-0.8613528   0.09244314 -0.4995252  -0.18657207]
  last  : [0. 0. 0. 1.]

KEY: frame_161
  shape : (4, 4)
  dtype : float32
  first : [-0.8656668   0.10020298 -0.4904898  -0.18620986]
  last  : [0. 0. 0. 1.]

KEY: frame_162
  shape : (4, 4)
  dtype : float32
  first : [-0.87417614  0.09089446 -0.47702634 -0.1871028 ]
  last  : [0. 0. 0. 1.]

KEY: frame_163
  shape : (4, 4)
  dtype : float32
  first : [-0.8686243   0.09199652 -0.48685545 -0.18721598]
  last  : [0. 0. 0. 1.]

KEY: frame_164
  shape : (4, 4)
  dtype : float32
  first : [-0.87207365  0.09828791 -0.4794026  -0.18665826]
  last  : [0. 0. 0. 1.]

KEY: frame_165
  shape : (4, 4)
  dtype : float32
  first : [-0.86746556  0.1055856  -0.48616335 -0.18674898]
  last  : [0. 0. 0. 1.]

KEY: frame_166
  shape : (4, 4)
  dtype : float32
  first : [-0.86556494  0.08544233 -0.49345368 -0.18669629]
  last  : [0. 0. 0. 1.]

KEY: frame_167
  shape : (4, 4)
  dtype : float32
  first : [-0.87798244  0.09762123 -0.46863246 -0.18703794]
  last  : [0. 0. 0. 1.]

KEY: frame_168
  shape : (4, 4)
  dtype : float32
  first : [-0.8738462   0.1146498  -0.47249097 -0.1863541 ]
  last  : [0. 0. 0. 1.]

KEY: frame_169
  shape : (4, 4)
  dtype : float32
  first : [-0.87464035  0.09298268 -0.47577092 -0.18701708]
  last  : [0. 0. 0. 1.]

KEY: frame_170
  shape : (4, 4)
  dtype : float32
  first : [-0.87163585  0.10697329 -0.47833797 -0.18698025]
  last  : [0. 0. 0. 1.]

KEY: frame_171
  shape : (4, 4)
  dtype : float32
  first : [-0.86166966  0.11453971 -0.49437392 -0.1873759 ]
  last  : [0. 0. 0. 1.]

KEY: frame_172
  shape : (4, 4)
  dtype : float32
  first : [-0.8687017   0.11687556 -0.48134905 -0.18670273]
  last  : [0. 0. 0. 1.]

KEY: frame_173
  shape : (4, 4)
  dtype : float32
  first : [-0.87526536  0.09731379 -0.4737509  -0.18656349]
  last  : [0. 0. 0. 1.]

KEY: frame_174
  shape : (4, 4)
  dtype : float32
  first : [-0.8753201   0.11099008 -0.47063294 -0.18635589]
  last  : [0. 0. 0. 1.]

KEY: frame_175
  shape : (4, 4)
  dtype : float32
  first : [-0.9066109   0.11996573 -0.40455422 -0.18656176]
  last  : [0. 0. 0. 1.]

KEY: frame_176
  shape : (4, 4)
  dtype : float32
  first : [-0.9027308   0.09411457 -0.41978425 -0.18722641]
  last  : [0. 0. 0. 1.]

KEY: frame_177
  shape : (4, 4)
  dtype : float32
  first : [-0.9065849   0.10038966 -0.4099086  -0.18722391]
  last  : [0. 0. 0. 1.]

KEY: frame_178
  shape : (4, 4)
  dtype : float32
  first : [-0.86810815  0.06151444 -0.49254817 -0.18750376]
  last  : [0. 0. 0. 1.]

KEY: frame_179
  shape : (4, 4)
  dtype : float32
  first : [-0.85317487  0.10133675 -0.5116864  -0.18710172]
  last  : [0. 0. 0. 1.]

KEY: frame_180
  shape : (4, 4)
  dtype : float32
  first : [-0.8434522   0.09494644 -0.5287466  -0.18751448]
  last  : [0. 0. 0. 1.]

KEY: frame_181
  shape : (4, 4)
  dtype : float32
  first : [-0.8563535   0.09209734 -0.5081104  -0.18744498]
  last  : [0. 0. 0. 1.]

KEY: frame_182
  shape : (4, 4)
  dtype : float32
  first : [-0.8730418   0.09446028 -0.47840846 -0.18777639]
  last  : [0. 0. 0. 1.]

KEY: frame_183
  shape : (4, 4)
  dtype : float32
  first : [-0.8632891   0.08413631 -0.49764675 -0.18837327]
  last  : [0. 0. 0. 1.]

KEY: frame_184
  shape : (4, 4)
  dtype : float32
  first : [-0.86754036  0.09306833 -0.48858106 -0.18816262]
  last  : [0. 0. 0. 1.]

KEY: frame_185
  shape : (4, 4)
  dtype : float32
  first : [-0.8628237   0.10812339 -0.49380547 -0.1873318 ]
  last  : [0. 0. 0. 1.]

KEY: frame_186
  shape : (4, 4)
  dtype : float32
  first : [-0.8619141   0.06869677 -0.5023785  -0.18760747]
  last  : [0. 0. 0. 1.]

KEY: frame_187
  shape : (4, 4)
  dtype : float32
  first : [-0.8590853   0.06949118 -0.50709236 -0.18772542]
  last  : [0. 0. 0. 1.]

KEY: frame_188
  shape : (4, 4)
  dtype : float32
  first : [-0.8565985   0.09377819 -0.5073892  -0.18822438]
  last  : [0. 0. 0. 1.]

KEY: frame_189
  shape : (4, 4)
  dtype : float32
  first : [-0.86667657  0.09074286 -0.49054727 -0.18839729]
  last  : [0. 0. 0. 1.]

KEY: frame_190
  shape : (4, 4)
  dtype : float32
  first : [-0.8564709   0.11753243 -0.5026361  -0.18803197]
  last  : [0. 0. 0. 1.]

KEY: frame_191
  shape : (4, 4)
  dtype : float32
  first : [-0.8575768   0.12186548 -0.4997102  -0.18903238]
  last  : [0. 0. 0. 1.]

KEY: frame_192
  shape : (4, 4)
  dtype : float32
  first : [-0.8562317   0.12099367 -0.5022221  -0.18966717]
  last  : [0. 0. 0. 1.]

KEY: frame_193
  shape : (4, 4)
  dtype : float32
  first : [-0.8482708   0.12814787 -0.513823   -0.19022197]
  last  : [0. 0. 0. 1.]

KEY: frame_194
  shape : (4, 4)
  dtype : float32
  first : [-0.85427403  0.11838236 -0.5061628  -0.19144249]
  last  : [0. 0. 0. 1.]

KEY: frame_195
  shape : (4, 4)
  dtype : float32
  first : [-0.855979    0.09845239 -0.50754935 -0.19255275]
  last  : [0. 0. 0. 1.]

KEY: frame_196
  shape : (4, 4)
  dtype : float32
  first : [-0.85059446  0.11180601 -0.5137975  -0.19276512]
  last  : [0. 0. 0. 1.]

KEY: frame_197
  shape : (4, 4)
  dtype : float32
  first : [-0.8484147   0.12477368 -0.5144156  -0.19360441]
  last  : [0. 0. 0. 1.]

KEY: frame_198
  shape : (4, 4)
  dtype : float32
  first : [-0.8479119   0.10743123 -0.5191371  -0.19496107]
  last  : [0. 0. 0. 1.]

KEY: frame_199
  shape : (4, 4)
  dtype : float32
  first : [-0.84658486  0.10473019 -0.5218477  -0.19596362]
  last  : [0. 0. 0. 1.]

KEY: frame_200
  shape : (4, 4)
  dtype : float32
  first : [-0.85022706  0.08208546 -0.5199764  -0.19635296]
  last  : [0. 0. 0. 1.]

KEY: frame_201
  shape : (4, 4)
  dtype : float32
  first : [-0.8433504   0.12871453 -0.5217203  -0.19691086]
  last  : [0. 0. 0. 1.]

KEY: frame_202
  shape : (4, 4)
  dtype : float32
  first : [-0.84667474  0.10684767 -0.5212725  -0.19689053]
  last  : [0. 0. 0. 1.]

KEY: frame_203
  shape : (4, 4)
  dtype : float32
  first : [-0.85046476  0.10928234 -0.51455486 -0.19795424]
  last  : [0. 0. 0. 1.]

KEY: frame_204
  shape : (4, 4)
  dtype : float32
  first : [-0.845408    0.11486602 -0.52162325 -0.1994679 ]
  last  : [0. 0. 0. 1.]

KEY: frame_205
  shape : (4, 4)
  dtype : float32
  first : [-0.8832853   0.11840418 -0.4536377  -0.20125604]
  last  : [0. 0. 0. 1.]

KEY: frame_206
  shape : (4, 4)
  dtype : float32
  first : [-0.8715632   0.10942954 -0.4779148  -0.2023825 ]
  last  : [0. 0. 0. 1.]

KEY: frame_207
  shape : (4, 4)
  dtype : float32
  first : [-0.8721297   0.12725341 -0.47243646 -0.20346189]
  last  : [0. 0. 0. 1.]

KEY: frame_208
  shape : (4, 4)
  dtype : float32
  first : [-0.86679465  0.06797788 -0.49401    -0.20340276]
  last  : [0. 0. 0. 1.]

KEY: frame_209
  shape : (4, 4)
  dtype : float32
  first : [-0.8633486   0.13031664 -0.48749015 -0.20324588]
  last  : [0. 0. 0. 1.]

KEY: frame_210
  shape : (4, 4)
  dtype : float32
  first : [-0.8644453   0.13071105 -0.48543674 -0.2049402 ]
  last  : [0. 0. 0. 1.]

KEY: frame_211
  shape : (4, 4)
  dtype : float32
  first : [-0.88148266  0.13984185 -0.4510347  -0.20615041]
  last  : [0. 0. 0. 1.]

KEY: frame_212
  shape : (4, 4)
  dtype : float32
  first : [-0.8740938   0.12631387 -0.46904647 -0.20583689]
  last  : [0. 0. 0. 1.]

KEY: frame_213
  shape : (4, 4)
  dtype : float32
  first : [-0.88603085  0.13909233 -0.4422695  -0.20566791]
  last  : [0. 0. 0. 1.]

KEY: frame_214
  shape : (4, 4)
  dtype : float32
  first : [-0.8729209   0.16146085 -0.4603686  -0.20591813]
  last  : [0. 0. 0. 1.]

KEY: frame_215
  shape : (4, 4)
  dtype : float32
  first : [-0.86685723  0.12840334 -0.4817373  -0.2056784 ]
  last  : [0. 0. 0. 1.]

KEY: frame_216
  shape : (4, 4)
  dtype : float32
  first : [-0.86618763  0.14637852 -0.47779906 -0.20553845]
  last  : [0. 0. 0. 1.]

KEY: frame_217
  shape : (4, 4)
  dtype : float32
  first : [-0.88365185  0.1410169  -0.44640034 -0.20485687]
  last  : [0. 0. 0. 1.]

KEY: frame_218
  shape : (4, 4)
  dtype : float32
  first : [-0.89000344  0.15382195 -0.42922306 -0.20499176]
  last  : [0. 0. 0. 1.]

KEY: frame_219
  shape : (4, 4)
  dtype : float32
  first : [-0.87023777  0.14603719 -0.47048822 -0.20593446]
  last  : [0. 0. 0. 1.]

KEY: frame_220
  shape : (4, 4)
  dtype : float32
  first : [-0.89342964  0.11796752 -0.43343613 -0.20558858]
  last  : [0. 0. 0. 1.]

KEY: frame_221
  shape : (4, 4)
  dtype : float32
  first : [-0.89201236  0.15395203 -0.4249853  -0.20574337]
  last  : [0. 0. 0. 1.]

KEY: frame_222
  shape : (4, 4)
  dtype : float32
  first : [-0.876758    0.15124547 -0.45653045 -0.2054376 ]
  last  : [0. 0. 0. 1.]

KEY: frame_223
  shape : (4, 4)
  dtype : float32
  first : [-0.8808771   0.15089065 -0.4486506  -0.2052905 ]
  last  : [0. 0. 0. 1.]

KEY: frame_224
  shape : (4, 4)
  dtype : float32
  first : [-0.8736383   0.1450457  -0.46445423 -0.20589691]
  last  : [0. 0. 0. 1.]

KEY: frame_225
  shape : (4, 4)
  dtype : float32
  first : [-0.879494    0.13309714 -0.4569193  -0.20649612]
  last  : [0. 0. 0. 1.]

KEY: frame_226
  shape : (4, 4)
  dtype : float32
  first : [-0.8731281   0.15560481 -0.46198955 -0.20588869]
  last  : [0. 0. 0. 1.]

KEY: frame_227
  shape : (4, 4)
  dtype : float32
  first : [-0.87190783  0.13949734 -0.46937957 -0.20577914]
  last  : [0. 0. 0. 1.]

KEY: frame_228
  shape : (4, 4)
  dtype : float32
  first : [-0.8726307   0.14809832 -0.46538424 -0.20482689]
  last  : [0. 0. 0. 1.]

KEY: frame_229
  shape : (4, 4)
  dtype : float32
  first : [-0.88917726  0.15711626 -0.429742   -0.2040698 ]
  last  : [0. 0. 0. 1.]

KEY: frame_230
  shape : (4, 4)
  dtype : float32
  first : [-0.8919722   0.15923762 -0.42311805 -0.20493305]
  last  : [0. 0. 0. 1.]

KEY: frame_231
  shape : (4, 4)
  dtype : float32
  first : [-0.89070106  0.13857093 -0.43295452 -0.20455134]
  last  : [0. 0. 0. 1.]

KEY: frame_232
  shape : (4, 4)
  dtype : float32
  first : [-0.875323    0.15735167 -0.45721996 -0.20319605]
  last  : [0. 0. 0. 1.]

KEY: frame_233
  shape : (4, 4)
  dtype : float32
  first : [-0.8887217   0.15898502 -0.42999715 -0.2029599 ]
  last  : [0. 0. 0. 1.]

KEY: frame_234
  shape : (4, 4)
  dtype : float32
  first : [-0.88535225  0.14786822 -0.4407792  -0.20191222]
  last  : [0. 0. 0. 1.]

KEY: frame_235
  shape : (4, 4)
  dtype : float32
  first : [-0.8753117   0.12242272 -0.46780568 -0.2007289 ]
  last  : [0. 0. 0. 1.]

KEY: frame_236
  shape : (4, 4)
  dtype : float32
  first : [-0.82509124  0.1200389  -0.5521007  -0.20000035]
  last  : [0. 0. 0. 1.]

KEY: frame_237
  shape : (4, 4)
  dtype : float32
  first : [-0.8764712   0.17029473 -0.45033088 -0.20029801]
  last  : [0. 0. 0. 1.]

KEY: frame_238
  shape : (4, 4)
  dtype : float32
  first : [-0.89744186  0.10336986 -0.42885062 -0.19975871]
  last  : [0. 0. 0. 1.]

KEY: frame_239
  shape : (4, 4)
  dtype : float32
  first : [-0.8761745   0.15356946 -0.4568748  -0.1990555 ]
  last  : [0. 0. 0. 1.]

KEY: frame_240
  shape : (4, 4)
  dtype : float32
  first : [-0.88113445  0.15854028 -0.4454965  -0.1976322 ]
  last  : [0. 0. 0. 1.]

KEY: frame_241
  shape : (4, 4)
  dtype : float32
  first : [-0.8769287   0.15815982 -0.45385176 -0.19781077]
  last  : [0. 0. 0. 1.]

KEY: frame_242
  shape : (4, 4)
  dtype : float32
  first : [-0.881075    0.18456814 -0.43547827 -0.19636333]
  last  : [0. 0. 0. 1.]

KEY: frame_243
  shape : (4, 4)
  dtype : float32
  first : [-0.8822854   0.16141391 -0.44217414 -0.19604552]
  last  : [0. 0. 0. 1.]

KEY: frame_244
  shape : (4, 4)
  dtype : float32
  first : [-0.8851388   0.1783602  -0.42978692 -0.19642758]
  last  : [0. 0. 0. 1.]

KEY: frame_245
  shape : (4, 4)
  dtype : float32
  first : [-0.8786998   0.08934036 -0.4689403  -0.19673675]
  last  : [0. 0. 0. 1.]

KEY: frame_246
  shape : (4, 4)
  dtype : float32
  first : [-0.8560187   0.10922629 -0.50527364 -0.19633555]
  last  : [0. 0. 0. 1.]

KEY: frame_247
  shape : (4, 4)
  dtype : float32
  first : [-0.8845146   0.1293158  -0.44823143 -0.19565529]
  last  : [0. 0. 0. 1.]

KEY: frame_248
  shape : (4, 4)
  dtype : float32
  first : [-0.8710846   0.16469318 -0.46269605 -0.19551623]
  last  : [0. 0. 0. 1.]

KEY: frame_249
  shape : (4, 4)
  dtype : float32
  first : [-0.894688    0.17763507 -0.40985218 -0.19624466]
  last  : [0. 0. 0. 1.]

KEY: frame_250
  shape : (4, 4)
  dtype : float32
  first : [-0.87416774  0.17777437 -0.45191443 -0.19731808]
  last  : [0. 0. 0. 1.]

KEY: frame_251
  shape : (4, 4)
  dtype : float32
  first : [-0.88716406  0.19567057 -0.41791472 -0.19656056]
  last  : [0. 0. 0. 1.]

KEY: frame_252
  shape : (4, 4)
  dtype : float32
  first : [-0.86275935  0.1859459  -0.470181   -0.19681   ]
  last  : [0. 0. 0. 1.]

KEY: frame_253
  shape : (4, 4)
  dtype : float32
  first : [-0.8862723   0.13966683 -0.44160423 -0.19736093]
  last  : [0. 0. 0. 1.]

KEY: frame_254
  shape : (4, 4)
  dtype : float32
  first : [-0.8499692   0.1400716  -0.5078702  -0.19776428]
  last  : [0. 0. 0. 1.]

KEY: frame_255
  shape : (4, 4)
  dtype : float32
  first : [-0.8480252   0.1464105  -0.5093301  -0.19796252]
  last  : [0. 0. 0. 1.]

KEY: frame_256
  shape : (4, 4)
  dtype : float32
  first : [-0.8525312   0.15166849 -0.50018716 -0.19825709]
  last  : [0. 0. 0. 1.]

KEY: frame_257
  shape : (4, 4)
  dtype : float32
  first : [-0.88981944  0.14291343 -0.43335533 -0.19833452]
  last  : [0. 0. 0. 1.]

KEY: frame_258
  shape : (4, 4)
  dtype : float32
  first : [-0.91302335  0.16641897 -0.37241483 -0.19914722]
  last  : [0. 0. 0. 1.]

KEY: frame_259
  shape : (4, 4)
  dtype : float32
  first : [-0.89573956  0.17425856 -0.40900427 -0.1992802 ]
  last  : [0. 0. 0. 1.]

KEY: frame_260
  shape : (4, 4)
  dtype : float32
  first : [-0.8791051   0.16680658 -0.44648594 -0.19920045]
  last  : [0. 0. 0. 1.]

KEY: frame_261
  shape : (4, 4)
  dtype : float32
  first : [-0.8732965   0.18747461 -0.44967347 -0.19869882]
  last  : [0. 0. 0. 1.]

KEY: frame_262
  shape : (4, 4)
  dtype : float32
  first : [-0.8783482   0.12190297 -0.46221623 -0.19710755]
  last  : [0. 0. 0. 1.]

KEY: frame_263
  shape : (4, 4)
  dtype : float32
  first : [-0.89954907  0.10643822 -0.4236531  -0.19582897]
  last  : [0. 0. 0. 1.]

KEY: frame_264
  shape : (4, 4)
  dtype : float32
  first : [-0.9136533   0.09870866 -0.39432698 -0.19491267]
  last  : [0. 0. 0. 1.]

KEY: frame_265
  shape : (4, 4)
  dtype : float32
  first : [-0.91892767  0.15071642 -0.36449414 -0.19537032]
  last  : [0. 0. 0. 1.]

KEY: frame_266
  shape : (4, 4)
  dtype : float32
  first : [-0.9246009   0.10430741 -0.36637765 -0.19577646]
  last  : [0. 0. 0. 1.]

KEY: frame_267
  shape : (4, 4)
  dtype : float32
  first : [-0.945937    0.11878556 -0.30181548 -0.19565678]
  last  : [0. 0. 0. 1.]

KEY: frame_268
  shape : (4, 4)
  dtype : float32
  first : [-0.9277498   0.10043317 -0.35943413 -0.19706535]
  last  : [0. 0. 0. 1.]

KEY: frame_269
  shape : (4, 4)
  dtype : float32
  first : [-0.9146325   0.1455073  -0.37719285 -0.19853562]
  last  : [0. 0. 0. 1.]

KEY: frame_270
  shape : (4, 4)
  dtype : float32
  first : [-0.9249656   0.07904601 -0.3717387  -0.19885403]
  last  : [0. 0. 0. 1.]

KEY: frame_271
  shape : (4, 4)
  dtype : float32
  first : [-0.9062084   0.11135393 -0.40790442 -0.19861603]
  last  : [0. 0. 0. 1.]

KEY: frame_272
  shape : (4, 4)
  dtype : float32
  first : [-0.9398099   0.20193982 -0.27563947 -0.19743812]
  last  : [0. 0. 0. 1.]

KEY: frame_273
  shape : (4, 4)
  dtype : float32
  first : [-0.9071042   0.14435437 -0.3953772  -0.19602972]
  last  : [0. 0. 0. 1.]

KEY: frame_274
  shape : (4, 4)
  dtype : float32
  first : [-0.91347724  0.22183365 -0.34109905 -0.19579065]
  last  : [0. 0. 0. 1.]

KEY: frame_275
  shape : (4, 4)
  dtype : float32
  first : [-0.9052165   0.16927248 -0.3897808  -0.19491208]
  last  : [0. 0. 0. 1.]

KEY: frame_276
  shape : (4, 4)
  dtype : float32
  first : [-0.88135535  0.12338307 -0.45605776 -0.19671619]
  last  : [0. 0. 0. 1.]

KEY: frame_277
  shape : (4, 4)
  dtype : float32
  first : [-0.8999598   0.07408533 -0.42963135 -0.19848269]
  last  : [0. 0. 0. 1.]

KEY: frame_278
  shape : (4, 4)
  dtype : float32
  first : [-0.895947   -0.0084596  -0.44407964 -0.2011118 ]
  last  : [0. 0. 0. 1.]

KEY: frame_279
  shape : (4, 4)
  dtype : float32
  first : [-0.8882177   0.00875312 -0.45933884 -0.20140046]
  last  : [0. 0. 0. 1.]

KEY: frame_280
  shape : (4, 4)
  dtype : float32
  first : [-0.87877136  0.10468858 -0.46561864 -0.20060235]
  last  : [0. 0. 0. 1.]

KEY: frame_281
  shape : (4, 4)
  dtype : float32
  first : [-0.87190264  0.12203971 -0.47422728 -0.20105028]
  last  : [0. 0. 0. 1.]

KEY: frame_282
  shape : (4, 4)
  dtype : float32
  first : [-0.87056017  0.1382739  -0.4722337  -0.20111299]
  last  : [0. 0. 0. 1.]

KEY: frame_283
  shape : (4, 4)
  dtype : float32
  first : [-0.84705555  0.14930597 -0.51010203 -0.20039332]
  last  : [0. 0. 0. 1.]

KEY: frame_284
  shape : (4, 4)
  dtype : float32
  first : [-0.86128837  0.12989748 -0.49123138 -0.1996023 ]
  last  : [0. 0. 0. 1.]

KEY: frame_285
  shape : (4, 4)
  dtype : float32
  first : [-0.87519205  0.14581546 -0.4612765  -0.19833839]
  last  : [0. 0. 0. 1.]

KEY: frame_286
  shape : (4, 4)
  dtype : float32
  first : [-0.82466364  0.11954078 -0.5528466  -0.19840747]
  last  : [0. 0. 0. 1.]

KEY: frame_287
  shape : (4, 4)
  dtype : float32
  first : [-0.83448416  0.12519056 -0.53662175 -0.19973284]
  last  : [0. 0. 0. 1.]

KEY: frame_288
  shape : (4, 4)
  dtype : float32
  first : [-0.81820023  0.10893229 -0.5645189  -0.20094138]
  last  : [0. 0. 0. 1.]

KEY: frame_289
  shape : (4, 4)
  dtype : float32
  first : [-0.83734274  0.10546011 -0.53640914 -0.20050347]
  last  : [0. 0. 0. 1.]

KEY: frame_290
  shape : (4, 4)
  dtype : float32
  first : [-0.8256552   0.13199648 -0.548516   -0.1989873 ]
  last  : [0. 0. 0. 1.]

KEY: frame_291
  shape : (4, 4)
  dtype : float32
  first : [-0.8085009   0.14063334 -0.57144374 -0.19823337]
  last  : [0. 0. 0. 1.]

KEY: frame_292
  shape : (4, 4)
  dtype : float32
  first : [-0.8176466   0.13555741 -0.55953324 -0.19776362]
  last  : [0. 0. 0. 1.]

KEY: frame_293
  shape : (4, 4)
  dtype : float32
  first : [-0.8185804   0.149259   -0.55465937 -0.19911224]
  last  : [0. 0. 0. 1.]

KEY: frame_294
  shape : (4, 4)
  dtype : float32
  first : [-0.81798065  0.1238271  -0.5617596  -0.20000601]
  last  : [0. 0. 0. 1.]

KEY: frame_295
  shape : (4, 4)
  dtype : float32
  first : [-0.82623535  0.10622668 -0.55321825 -0.20070678]
  last  : [0. 0. 0. 1.]

KEY: frame_296
  shape : (4, 4)
  dtype : float32
  first : [-0.83957434  0.11796835 -0.5302808  -0.19926298]
  last  : [0. 0. 0. 1.]

KEY: frame_297
  shape : (4, 4)
  dtype : float32
  first : [-0.8012383   0.12594035 -0.58494073 -0.19968593]
  last  : [0. 0. 0. 1.]

KEY: frame_298
  shape : (4, 4)
  dtype : float32
  first : [-0.7888123   0.11146259 -0.6044424  -0.19991958]
  last  : [0. 0. 0. 1.]

KEY: frame_299
  shape : (4, 4)
  dtype : float32
  first : [-0.81914747  0.13782206 -0.5567782  -0.1994474 ]
  last  : [0. 0. 0. 1.]

KEY: frame_300
  shape : (4, 4)
  dtype : float32
  first : [-0.83151054  0.14229605 -0.5369744  -0.19991142]
  last  : [0. 0. 0. 1.]

KEY: frame_301
  shape : (4, 4)
  dtype : float32
  first : [-0.84006125  0.08727199 -0.5354251  -0.20014966]
  last  : [0. 0. 0. 1.]

KEY: frame_302
  shape : (4, 4)
  dtype : float32
  first : [-0.8135358   0.10466507 -0.57201767 -0.20011747]
  last  : [0. 0. 0. 1.]

KEY: frame_303
  shape : (4, 4)
  dtype : float32
  first : [-0.7955345   0.12102503 -0.5936981  -0.19989926]
  last  : [0. 0. 0. 1.]

KEY: frame_304
  shape : (4, 4)
  dtype : float32
  first : [-0.7998369   0.11283118 -0.58951634 -0.19965678]
  last  : [0. 0. 0. 1.]

KEY: frame_305
  shape : (4, 4)
  dtype : float32
  first : [-0.8238637   0.11224067 -0.55556285 -0.20009786]
  last  : [0. 0. 0. 1.]

KEY: frame_306
  shape : (4, 4)
  dtype : float32
  first : [-0.80633247  0.11073545 -0.58100337 -0.19958979]
  last  : [0. 0. 0. 1.]

KEY: frame_307
  shape : (4, 4)
  dtype : float32
  first : [-0.8063768   0.10303491 -0.58235687 -0.19999081]
  last  : [0. 0. 0. 1.]

KEY: frame_308
  shape : (4, 4)
  dtype : float32
  first : [-0.8351799   0.13150704 -0.5340219  -0.19974953]
  last  : [0. 0. 0. 1.]

KEY: frame_309
  shape : (4, 4)
  dtype : float32
  first : [-0.81918     0.13173202 -0.5582024  -0.20002383]
  last  : [0. 0. 0. 1.]

KEY: frame_310
  shape : (4, 4)
  dtype : float32
  first : [-0.811899    0.11286911 -0.57278246 -0.19983608]
  last  : [0. 0. 0. 1.]

KEY: frame_311
  shape : (4, 4)
  dtype : float32
  first : [-0.8164651   0.1116415  -0.5664979  -0.19996059]
  last  : [0. 0. 0. 1.]

KEY: frame_312
  shape : (4, 4)
  dtype : float32
  first : [-0.8001155   0.12030792 -0.58765644 -0.19974858]
  last  : [0. 0. 0. 1.]

KEY: frame_313
  shape : (4, 4)
  dtype : float32
  first : [-0.83599544  0.12231329 -0.5349299  -0.1996991 ]
  last  : [0. 0. 0. 1.]

KEY: frame_314
  shape : (4, 4)
  dtype : float32
  first : [-0.8220495   0.11500284 -0.5576809  -0.19917107]
  last  : [0. 0. 0. 1.]

KEY: frame_315
  shape : (4, 4)
  dtype : float32
  first : [-0.8140519   0.13179615 -0.5656399  -0.19970196]
  last  : [0. 0. 0. 1.]

KEY: frame_316
  shape : (4, 4)
  dtype : float32
  first : [-0.8144227   0.1302307  -0.56546867 -0.19967318]
  last  : [0. 0. 0. 1.]

KEY: frame_317
  shape : (4, 4)
  dtype : float32
  first : [-0.82852376  0.11370394 -0.54828733 -0.1999228 ]
  last  : [0. 0. 0. 1.]

KEY: frame_318
  shape : (4, 4)
  dtype : float32
  first : [-0.8291123   0.12618959 -0.5446543  -0.1999188 ]
  last  : [0. 0. 0. 1.]

KEY: frame_319
  shape : (4, 4)
  dtype : float32
  first : [-0.80074227  0.14052999 -0.5822907  -0.20020175]
  last  : [0. 0. 0. 1.]

KEY: frame_320
  shape : (4, 4)
  dtype : float32
  first : [-0.77630705  0.11457735 -0.61985385 -0.19973165]
  last  : [0. 0. 0. 1.]

KEY: frame_321
  shape : (4, 4)
  dtype : float32
  first : [-0.81443834  0.13035643 -0.56541723 -0.19983429]
  last  : [0. 0. 0. 1.]

KEY: frame_322
  shape : (4, 4)
  dtype : float32
  first : [-0.7932432   0.10769102 -0.5993057  -0.19961238]
  last  : [0. 0. 0. 1.]

KEY: frame_323
  shape : (4, 4)
  dtype : float32
  first : [-0.8086268   0.12819505 -0.5741848  -0.20019174]
  last  : [0. 0. 0. 1.]

KEY: frame_324
  shape : (4, 4)
  dtype : float32
  first : [-0.8077061   0.12675872 -0.575797   -0.19936359]
  last  : [0. 0. 0. 1.]

KEY: frame_325
  shape : (4, 4)
  dtype : float32
  first : [-0.79678106  0.10774481 -0.5945842  -0.19954991]
  last  : [0. 0. 0. 1.]

KEY: frame_326
  shape : (4, 4)
  dtype : float32
  first : [-0.8243113   0.13270116 -0.550364   -0.19981384]
  last  : [0. 0. 0. 1.]

KEY: frame_327
  shape : (4, 4)
  dtype : float32
  first : [-0.81264377  0.125429   -0.5691018  -0.19968545]
  last  : [0. 0. 0. 1.]

KEY: frame_328
  shape : (4, 4)
  dtype : float32
  first : [-0.8243426   0.13027892 -0.5508957  -0.200351  ]
  last  : [0. 0. 0. 1.]

KEY: frame_329
  shape : (4, 4)
  dtype : float32
  first : [-0.81339884  0.12535965 -0.56803757 -0.20004821]
  last  : [0. 0. 0. 1.]

KEY: frame_330
  shape : (4, 4)
  dtype : float32
  first : [-0.83652484  0.12099352 -0.53440255 -0.20019728]
  last  : [0. 0. 0. 1.]

KEY: frame_331
  shape : (4, 4)
  dtype : float32
  first : [-0.7990734   0.11839321 -0.58946097 -0.19969815]
  last  : [0. 0. 0. 1.]

KEY: frame_332
  shape : (4, 4)
  dtype : float32
  first : [-0.80533934  0.12039489 -0.5804594  -0.19979298]
  last  : [0. 0. 0. 1.]

KEY: frame_333
  shape : (4, 4)
  dtype : float32
  first : [-0.79024446  0.10392407 -0.6039148  -0.19988394]
  last  : [0. 0. 0. 1.]

KEY: frame_334
  shape : (4, 4)
  dtype : float32
  first : [-0.8081802   0.1240879  -0.575714   -0.19991314]
  last  : [0. 0. 0. 1.]

KEY: frame_335
  shape : (4, 4)
  dtype : float32
  first : [-0.7919045   0.12566909 -0.59757364 -0.20001286]
  last  : [0. 0. 0. 1.]

KEY: frame_336
  shape : (4, 4)
  dtype : float32
  first : [-0.7928943   0.14125016 -0.5927619  -0.19971883]
  last  : [0. 0. 0. 1.]

KEY: frame_337
  shape : (4, 4)
  dtype : float32
  first : [-0.78000546  0.13034996 -0.6120458  -0.19956934]
  last  : [0. 0. 0. 1.]

KEY: frame_338
  shape : (4, 4)
  dtype : float32
  first : [-0.80541044  0.11380947 -0.58168817 -0.1997844 ]
  last  : [0. 0. 0. 1.]

KEY: frame_339
  shape : (4, 4)
  dtype : float32
  first : [-0.8041724   0.13170403 -0.57962084 -0.19978607]
  last  : [0. 0. 0. 1.]

KEY: frame_340
  shape : (4, 4)
  dtype : float32
  first : [-0.8135713   0.1236881  -0.5681571  -0.19979012]
  last  : [0. 0. 0. 1.]

KEY: frame_341
  shape : (4, 4)
  dtype : float32
  first : [-0.8409398   0.12429553 -0.52665937 -0.20006585]
  last  : [0. 0. 0. 1.]

KEY: frame_342
  shape : (4, 4)
  dtype : float32
  first : [-0.8279592   0.12730974 -0.54614556 -0.1995588 ]
  last  : [0. 0. 0. 1.]

KEY: frame_343
  shape : (4, 4)
  dtype : float32
  first : [-0.8261531   0.13096139 -0.548014   -0.2000336 ]
  last  : [0. 0. 0. 1.]

KEY: frame_344
  shape : (4, 4)
  dtype : float32
  first : [-0.8355539   0.13366058 -0.5329013  -0.19962972]
  last  : [0. 0. 0. 1.]

KEY: frame_345
  shape : (4, 4)
  dtype : float32
  first : [-0.8003582   0.12812155 -0.58567137 -0.19974953]
  last  : [0. 0. 0. 1.]

KEY: frame_346
  shape : (4, 4)
  dtype : float32
  first : [-0.80882776  0.12588435 -0.5744127  -0.19990104]
  last  : [0. 0. 0. 1.]

KEY: frame_347
  shape : (4, 4)
  dtype : float32
  first : [-0.80518997  0.12443721 -0.5798134  -0.19962746]
  last  : [0. 0. 0. 1.]

KEY: frame_348
  shape : (4, 4)
  dtype : float32
  first : [-0.80248725  0.12226978 -0.5840064  -0.20017016]
  last  : [0. 0. 0. 1.]

KEY: frame_349
  shape : (4, 4)
  dtype : float32
  first : [-0.8065882   0.11564982 -0.5796895  -0.2002973 ]
  last  : [0. 0. 0. 1.]

KEY: frame_350
  shape : (4, 4)
  dtype : float32
  first : [-0.8248207   0.12859789 -0.55057466 -0.19938427]
  last  : [0. 0. 0. 1.]

KEY: frame_351
  shape : (4, 4)
  dtype : float32
  first : [-0.7845958   0.13488275 -0.60515726 -0.19954127]
  last  : [0. 0. 0. 1.]

KEY: frame_352
  shape : (4, 4)
  dtype : float32
  first : [-0.79205376  0.12122092 -0.5982938  -0.20037305]
  last  : [0. 0. 0. 1.]

KEY: frame_353
  shape : (4, 4)
  dtype : float32
  first : [-0.8092394   0.12793624 -0.5733785  -0.19994342]
  last  : [0. 0. 0. 1.]

KEY: frame_354
  shape : (4, 4)
  dtype : float32
  first : [-0.7931053   0.1298145  -0.5950893  -0.19982648]
  last  : [0. 0. 0. 1.]

KEY: frame_355
  shape : (4, 4)
  dtype : float32
  first : [-0.7975447   0.11632836 -0.5919367  -0.19977987]
  last  : [0. 0. 0. 1.]

KEY: frame_356
  shape : (4, 4)
  dtype : float32
  first : [-0.80016816  0.11828756 -0.587995   -0.20038176]
  last  : [0. 0. 0. 1.]

KEY: frame_357
  shape : (4, 4)
  dtype : float32
  first : [-0.80764973  0.13718584 -0.57348156 -0.19983417]
  last  : [0. 0. 0. 1.]

KEY: frame_358
  shape : (4, 4)
  dtype : float32
  first : [-0.7945859   0.12394735 -0.5943648  -0.19958681]
  last  : [0. 0. 0. 1.]

KEY: frame_359
  shape : (4, 4)
  dtype : float32
  first : [-0.8215884   0.10763526 -0.5598269  -0.19963712]
  last  : [0. 0. 0. 1.]

KEY: frame_360
  shape : (4, 4)
  dtype : float32
  first : [-0.8409139   0.11753356 -0.5282506  -0.20019782]
  last  : [0. 0. 0. 1.]

KEY: frame_361
  shape : (4, 4)
  dtype : float32
  first : [-0.8074082   0.13297361 -0.5748122  -0.19934398]
  last  : [0. 0. 0. 1.]

KEY: frame_362
  shape : (4, 4)
  dtype : float32
  first : [-0.8118658   0.11829945 -0.57173276 -0.20015585]
  last  : [0. 0. 0. 1.]

KEY: frame_363
  shape : (4, 4)
  dtype : float32
  first : [-0.8343461   0.12454519 -0.53698605 -0.19976759]
  last  : [0. 0. 0. 1.]

KEY: frame_364
  shape : (4, 4)
  dtype : float32
  first : [-0.8165991   0.12950993 -0.5624875  -0.19949889]
  last  : [0. 0. 0. 1.]

KEY: frame_365
  shape : (4, 4)
  dtype : float32
  first : [-0.8253087   0.12910351 -0.5497242  -0.20002788]
  last  : [0. 0. 0. 1.]

KEY: frame_366
  shape : (4, 4)
  dtype : float32
  first : [-0.8220786   0.12176758 -0.55619985 -0.19970989]
  last  : [0. 0. 0. 1.]

KEY: frame_367
  shape : (4, 4)
  dtype : float32
  first : [-0.80571204  0.12720737 -0.5784853  -0.19979149]
  last  : [0. 0. 0. 1.]

KEY: frame_368
  shape : (4, 4)
  dtype : float32
  first : [-0.8336379   0.11894742 -0.5393498  -0.20013201]
  last  : [0. 0. 0. 1.]

KEY: frame_369
  shape : (4, 4)
  dtype : float32
  first : [-0.8212664   0.12442476 -0.55681133 -0.20021647]
  last  : [0. 0. 0. 1.]

KEY: frame_370
  shape : (4, 4)
  dtype : float32
  first : [-0.82516646  0.12630707 -0.5505867  -0.19963473]
  last  : [0. 0. 0. 1.]

KEY: frame_371
  shape : (4, 4)
  dtype : float32
  first : [-0.8191911   0.12908861 -0.5588032  -0.19984871]
  last  : [0. 0. 0. 1.]

KEY: frame_372
  shape : (4, 4)
  dtype : float32
  first : [-0.81592214  0.129139   -0.5635539  -0.19975251]
  last  : [0. 0. 0. 1.]

KEY: frame_373
  shape : (4, 4)
  dtype : float32
  first : [-0.8180838   0.12517011 -0.56131107 -0.19931811]
  last  : [0. 0. 0. 1.]

KEY: frame_374
  shape : (4, 4)
  dtype : float32
  first : [-0.8415419   0.1231935  -0.5259556  -0.20007771]
  last  : [0. 0. 0. 1.]

KEY: frame_375
  shape : (4, 4)
  dtype : float32
  first : [-0.82717246  0.12408814 -0.54807556 -0.20032978]
  last  : [0. 0. 0. 1.]

KEY: frame_376
  shape : (4, 4)
  dtype : float32
  first : [-0.81403077  0.13677406 -0.5644871  -0.19992864]
  last  : [0. 0. 0. 1.]

KEY: frame_377
  shape : (4, 4)
  dtype : float32
  first : [-0.7997135   0.13504022 -0.5849971  -0.1995933 ]
  last  : [0. 0. 0. 1.]

KEY: frame_378
  shape : (4, 4)
  dtype : float32
  first : [-0.80231166  0.1361306  -0.5811744  -0.19975632]
  last  : [0. 0. 0. 1.]

KEY: frame_379
  shape : (4, 4)
  dtype : float32
  first : [-0.8204432   0.12576345 -0.55772364 -0.1998679 ]
  last  : [0. 0. 0. 1.]

KEY: frame_380
  shape : (4, 4)
  dtype : float32
  first : [-0.83787996  0.12788427 -0.5306617  -0.19995159]
  last  : [0. 0. 0. 1.]

KEY: frame_381
  shape : (4, 4)
  dtype : float32
  first : [-0.8202101   0.12324718 -0.5586274  -0.20023805]
  last  : [0. 0. 0. 1.]

KEY: frame_382
  shape : (4, 4)
  dtype : float32
  first : [-0.81986904  0.11633405 -0.5606071  -0.19984782]
  last  : [0. 0. 0. 1.]

KEY: frame_383
  shape : (4, 4)
  dtype : float32
  first : [-0.7926121   0.1399211  -0.59345394 -0.19960326]
  last  : [0. 0. 0. 1.]

KEY: frame_384
  shape : (4, 4)
  dtype : float32
  first : [-0.79080963  0.14054582 -0.5957066  -0.19973862]
  last  : [0. 0. 0. 1.]

KEY: frame_385
  shape : (4, 4)
  dtype : float32
  first : [-0.82790077  0.127776   -0.5461252  -0.19986206]
  last  : [0. 0. 0. 1.]

KEY: frame_386
  shape : (4, 4)
  dtype : float32
  first : [-0.8103394   0.12144631 -0.57323647 -0.19945753]
  last  : [0. 0. 0. 1.]

KEY: frame_387
  shape : (4, 4)
  dtype : float32
  first : [-0.8117074   0.11866766 -0.5718816  -0.19993037]
  last  : [0. 0. 0. 1.]

KEY: frame_388
  shape : (4, 4)
  dtype : float32
  first : [-0.839413    0.11877292 -0.53035647 -0.19974822]
  last  : [0. 0. 0. 1.]

KEY: frame_389
  shape : (4, 4)
  dtype : float32
  first : [-0.8094881   0.13253087 -0.5719824  -0.19989222]
  last  : [0. 0. 0. 1.]

KEY: frame_390
  shape : (4, 4)
  dtype : float32
  first : [-0.82312745  0.12486413 -0.5539581  -0.1999681 ]
  last  : [0. 0. 0. 1.]

KEY: frame_391
  shape : (4, 4)
  dtype : float32
  first : [-0.83232164  0.12396756 -0.54025185 -0.1998455 ]
  last  : [0. 0. 0. 1.]

KEY: frame_392
  shape : (4, 4)
  dtype : float32
  first : [-0.8450041   0.11999884 -0.52112156 -0.20038033]
  last  : [0. 0. 0. 1.]

KEY: frame_393
  shape : (4, 4)
  dtype : float32
  first : [-0.78252375  0.13941202 -0.60681164 -0.19990885]
  last  : [0. 0. 0. 1.]

KEY: frame_394
  shape : (4, 4)
  dtype : float32
  first : [-0.78636503  0.1338357  -0.6030901  -0.19978613]
  last  : [0. 0. 0. 1.]

KEY: frame_395
  shape : (4, 4)
  dtype : float32
  first : [-0.7814321   0.12235087 -0.6118772  -0.19975895]
  last  : [0. 0. 0. 1.]

KEY: frame_396
  shape : (4, 4)
  dtype : float32
  first : [-0.79807913  0.11189404 -0.5920717  -0.20006126]
  last  : [0. 0. 0. 1.]

KEY: frame_397
  shape : (4, 4)
  dtype : float32
  first : [-0.7927967   0.11835966 -0.59788287 -0.19992906]
  last  : [0. 0. 0. 1.]

KEY: frame_398
  shape : (4, 4)
  dtype : float32
  first : [-0.7926995   0.13068718 -0.59543914 -0.19965267]
  last  : [0. 0. 0. 1.]

KEY: frame_399
  shape : (4, 4)
  dtype : float32
  first : [-0.8096622   0.11998931 -0.57449895 -0.19974124]
  last  : [0. 0. 0. 1.]

KEY: frame_400
  shape : (4, 4)
  dtype : float32
  first : [-0.83182365  0.11996445 -0.54191995 -0.20006007]
  last  : [0. 0. 0. 1.]

KEY: frame_401
  shape : (4, 4)
  dtype : float32
  first : [-0.8092093   0.13162905 -0.572585   -0.1993103 ]
  last  : [0. 0. 0. 1.]

KEY: frame_402
  shape : (4, 4)
  dtype : float32
  first : [-0.800667    0.12021026 -0.5869252  -0.200014  ]
  last  : [0. 0. 0. 1.]

KEY: frame_403
  shape : (4, 4)
  dtype : float32
  first : [-0.81733346  0.1200054  -0.5635283  -0.199907  ]
  last  : [0. 0. 0. 1.]

KEY: frame_404
  shape : (4, 4)
  dtype : float32
  first : [-0.7856767   0.12062475 -0.60676295 -0.19952518]
  last  : [0. 0. 0. 1.]

KEY: frame_405
  shape : (4, 4)
  dtype : float32
  first : [-0.8100581   0.13787776 -0.56990784 -0.19959515]
  last  : [0. 0. 0. 1.]

KEY: frame_406
  shape : (4, 4)
  dtype : float32
  first : [-0.8017597   0.12800702 -0.5837765  -0.19980091]
  last  : [0. 0. 0. 1.]

======================================================================
OBJECT 6D POSE V2
======================================================================
path : hrdexdb/object_6d_pose_v2/allegro_v5/apple_4.npz
type : NPZ
keys : ['frame_0', 'frame_1', 'frame_2', 'frame_3', 'frame_4', 'frame_5', 'frame_6', 'frame_7', 'frame_8', 'frame_9', 'frame_10', 'frame_11', 'frame_12', 'frame_13', 'frame_14', 'frame_15', 'frame_16', 'frame_17', 'frame_18', 'frame_19', 'frame_20', 'frame_21', 'frame_22', 'frame_23', 'frame_24', 'frame_25', 'frame_26', 'frame_27', 'frame_28', 'frame_29', 'frame_30', 'frame_31', 'frame_32', 'frame_33', 'frame_34', 'frame_35', 'frame_36', 'frame_37', 'frame_38', 'frame_39', 'frame_40', 'frame_41', 'frame_42', 'frame_43', 'frame_44', 'frame_45', 'frame_46', 'frame_47', 'frame_48', 'frame_49', 'frame_50', 'frame_51', 'frame_52', 'frame_53', 'frame_54', 'frame_55', 'frame_56', 'frame_57', 'frame_58', 'frame_59', 'frame_60', 'frame_61', 'frame_62', 'frame_63', 'frame_64', 'frame_65', 'frame_66', 'frame_67', 'frame_68', 'frame_69', 'frame_70', 'frame_71', 'frame_72', 'frame_73', 'frame_74', 'frame_75', 'frame_76', 'frame_77', 'frame_78', 'frame_79', 'frame_80', 'frame_81', 'frame_82', 'frame_83', 'frame_84', 'frame_85', 'frame_86', 'frame_87', 'frame_88', 'frame_89', 'frame_90', 'frame_91', 'frame_92', 'frame_93', 'frame_94', 'frame_95', 'frame_96', 'frame_97', 'frame_98', 'frame_99', 'frame_100', 'frame_101', 'frame_102', 'frame_103', 'frame_104', 'frame_105', 'frame_106', 'frame_107', 'frame_108', 'frame_109', 'frame_110', 'frame_111', 'frame_112', 'frame_113', 'frame_114', 'frame_115', 'frame_116', 'frame_117', 'frame_118', 'frame_119', 'frame_120', 'frame_121', 'frame_122', 'frame_123', 'frame_124', 'frame_125', 'frame_126', 'frame_127', 'frame_128', 'frame_129', 'frame_130', 'frame_131', 'frame_132', 'frame_133', 'frame_134', 'frame_135', 'frame_136', 'frame_137', 'frame_138', 'frame_139', 'frame_140', 'frame_141', 'frame_142', 'frame_143', 'frame_144', 'frame_145', 'frame_146', 'frame_147', 'frame_148', 'frame_149', 'frame_150', 'frame_151', 'frame_152', 'frame_153', 'frame_154', 'frame_155', 'frame_156', 'frame_157', 'frame_158', 'frame_159', 'frame_160', 'frame_161', 'frame_162', 'frame_163', 'frame_164', 'frame_165', 'frame_166', 'frame_167', 'frame_168', 'frame_169', 'frame_170', 'frame_171', 'frame_172', 'frame_173', 'frame_174', 'frame_175', 'frame_176', 'frame_177', 'frame_178', 'frame_179', 'frame_180', 'frame_181', 'frame_182', 'frame_183', 'frame_184', 'frame_185', 'frame_186', 'frame_187', 'frame_188', 'frame_189', 'frame_190', 'frame_191', 'frame_192', 'frame_193', 'frame_194', 'frame_195', 'frame_196', 'frame_197', 'frame_198', 'frame_199', 'frame_200', 'frame_201', 'frame_202', 'frame_203', 'frame_204', 'frame_205', 'frame_206', 'frame_207', 'frame_208', 'frame_209', 'frame_210', 'frame_211', 'frame_212', 'frame_213', 'frame_214', 'frame_215', 'frame_216', 'frame_217', 'frame_218', 'frame_219', 'frame_220', 'frame_221', 'frame_222', 'frame_223', 'frame_224', 'frame_225', 'frame_226', 'frame_227', 'frame_228', 'frame_229', 'frame_230', 'frame_231', 'frame_232', 'frame_233', 'frame_234', 'frame_235', 'frame_236', 'frame_237', 'frame_238', 'frame_239', 'frame_240', 'frame_241', 'frame_242', 'frame_243', 'frame_244', 'frame_245', 'frame_246', 'frame_247', 'frame_248', 'frame_249', 'frame_250', 'frame_251', 'frame_252', 'frame_253', 'frame_254', 'frame_255', 'frame_256', 'frame_257', 'frame_258', 'frame_259', 'frame_260', 'frame_261', 'frame_262', 'frame_263', 'frame_264', 'frame_265', 'frame_266', 'frame_267', 'frame_268', 'frame_269', 'frame_270', 'frame_271', 'frame_272', 'frame_273', 'frame_274', 'frame_275', 'frame_276', 'frame_277', 'frame_278', 'frame_279', 'frame_280', 'frame_281', 'frame_282', 'frame_283', 'frame_284', 'frame_285', 'frame_286', 'frame_287', 'frame_288', 'frame_289', 'frame_290', 'frame_291', 'frame_292', 'frame_293', 'frame_294', 'frame_295', 'frame_296', 'frame_297', 'frame_298', 'frame_299', 'frame_300', 'frame_301', 'frame_302', 'frame_303', 'frame_304', 'frame_305', 'frame_306', 'frame_307', 'frame_308', 'frame_309', 'frame_310', 'frame_311', 'frame_312', 'frame_313', 'frame_314', 'frame_315', 'frame_316', 'frame_317', 'frame_318', 'frame_319', 'frame_320', 'frame_321', 'frame_322', 'frame_323', 'frame_324', 'frame_325', 'frame_326', 'frame_327', 'frame_328', 'frame_329', 'frame_330', 'frame_331', 'frame_332', 'frame_333', 'frame_334', 'frame_335', 'frame_336', 'frame_337', 'frame_338', 'frame_339', 'frame_340', 'frame_341', 'frame_342', 'frame_343', 'frame_344', 'frame_345', 'frame_346', 'frame_347', 'frame_348', 'frame_349', 'frame_350', 'frame_351', 'frame_352', 'frame_353', 'frame_354', 'frame_355', 'frame_356', 'frame_357', 'frame_358', 'frame_359', 'frame_360', 'frame_361', 'frame_362', 'frame_363', 'frame_364', 'frame_365', 'frame_366', 'frame_367', 'frame_368', 'frame_369', 'frame_370', 'frame_371', 'frame_372', 'frame_373', 'frame_374', 'frame_375', 'frame_376', 'frame_377', 'frame_378', 'frame_379', 'frame_380', 'frame_381', 'frame_382', 'frame_383', 'frame_384', 'frame_385', 'frame_386', 'frame_387', 'frame_388', 'frame_389', 'frame_390', 'frame_391', 'frame_392', 'frame_393', 'frame_394', 'frame_395', 'frame_396', 'frame_397', 'frame_398', 'frame_399', 'frame_400', 'frame_401', 'frame_402', 'frame_403']

KEY: frame_0
  shape : (4, 4)
  dtype : float32
  first : [ 0.9284898  -0.15200476  0.33882323 -0.19136235]
  last  : [0. 0. 0. 1.]

KEY: frame_1
  shape : (4, 4)
  dtype : float32
  first : [ 0.9282391  -0.16165106  0.33502397 -0.19197012]
  last  : [0. 0. 0. 1.]

KEY: frame_2
  shape : (4, 4)
  dtype : float32
  first : [ 0.93887246 -0.15136027  0.30920634 -0.19190118]
  last  : [0. 0. 0. 1.]

KEY: frame_3
  shape : (4, 4)
  dtype : float32
  first : [ 0.9473151  -0.1516116   0.28214902 -0.19162205]
  last  : [0. 0. 0. 1.]

KEY: frame_4
  shape : (4, 4)
  dtype : float32
  first : [ 0.9486699  -0.14754005  0.27974516 -0.19090621]
  last  : [0. 0. 0. 1.]

KEY: frame_5
  shape : (4, 4)
  dtype : float32
  first : [ 0.9487373  -0.14987457  0.2782716  -0.19108933]
  last  : [0. 0. 0. 1.]

KEY: frame_6
  shape : (4, 4)
  dtype : float32
  first : [ 0.9492314  -0.16054684  0.27052635 -0.19076952]
  last  : [0. 0. 0. 1.]

KEY: frame_7
  shape : (4, 4)
  dtype : float32
  first : [ 0.941077   -0.1816462   0.28526953 -0.19038926]
  last  : [0. 0. 0. 1.]

KEY: frame_8
  shape : (4, 4)
  dtype : float32
  first : [ 0.9353469  -0.17565821  0.3070348  -0.19014522]
  last  : [0. 0. 0. 1.]

KEY: frame_9
  shape : (4, 4)
  dtype : float32
  first : [ 0.9317878  -0.1630241   0.3243372  -0.19083364]
  last  : [0. 0. 0. 1.]

KEY: frame_10
  shape : (4, 4)
  dtype : float32
  first : [ 0.9334479  -0.16678244  0.31758252 -0.1911473 ]
  last  : [0. 0. 0. 1.]

KEY: frame_11
  shape : (4, 4)
  dtype : float32
  first : [ 0.940677   -0.1579615   0.30029142 -0.19165385]
  last  : [0. 0. 0. 1.]

KEY: frame_12
  shape : (4, 4)
  dtype : float32
  first : [ 0.94361305 -0.1579889   0.29091918 -0.19181728]
  last  : [0. 0. 0. 1.]

KEY: frame_13
  shape : (4, 4)
  dtype : float32
  first : [ 0.9514633  -0.15299381  0.26704022 -0.19154888]
  last  : [0. 0. 0. 1.]

KEY: frame_14
  shape : (4, 4)
  dtype : float32
  first : [ 0.9466625  -0.1544143   0.28281868 -0.19130652]
  last  : [0. 0. 0. 1.]

KEY: frame_15
  shape : (4, 4)
  dtype : float32
  first : [ 0.9440385  -0.16208962  0.28725994 -0.1914148 ]
  last  : [0. 0. 0. 1.]

KEY: frame_16
  shape : (4, 4)
  dtype : float32
  first : [ 0.9429021  -0.15135476  0.29669413 -0.19180918]
  last  : [0. 0. 0. 1.]

KEY: frame_17
  shape : (4, 4)
  dtype : float32
  first : [ 0.95033026 -0.14657457  0.27456918 -0.19079222]
  last  : [0. 0. 0. 1.]

KEY: frame_18
  shape : (4, 4)
  dtype : float32
  first : [ 0.94591993 -0.15965709  0.28239173 -0.19045088]
  last  : [0. 0. 0. 1.]

KEY: frame_19
  shape : (4, 4)
  dtype : float32
  first : [ 0.9492056  -0.15128373  0.27590206 -0.19067669]
  last  : [0. 0. 0. 1.]

KEY: frame_20
  shape : (4, 4)
  dtype : float32
  first : [ 0.94611907 -0.1605905   0.2811929  -0.19072315]
  last  : [0. 0. 0. 1.]

KEY: frame_21
  shape : (4, 4)
  dtype : float32
  first : [ 0.943934   -0.16216846  0.2875586  -0.19096963]
  last  : [0. 0. 0. 1.]

KEY: frame_22
  shape : (4, 4)
  dtype : float32
  first : [ 0.942476   -0.15064743  0.29840305 -0.19110079]
  last  : [0. 0. 0. 1.]

KEY: frame_23
  shape : (4, 4)
  dtype : float32
  first : [ 0.9315293  -0.13509332  0.3376433  -0.19202575]
  last  : [0. 0. 0. 1.]

KEY: frame_24
  shape : (4, 4)
  dtype : float32
  first : [ 0.9306421  -0.15256245  0.3326108  -0.19056493]
  last  : [0. 0. 0. 1.]

KEY: frame_25
  shape : (4, 4)
  dtype : float32
  first : [ 0.9145022  -0.17568438  0.36444572 -0.190303  ]
  last  : [0. 0. 0. 1.]

KEY: frame_26
  shape : (4, 4)
  dtype : float32
  first : [ 0.9071216  -0.16318265  0.38794565 -0.19097199]
  last  : [0. 0. 0. 1.]

KEY: frame_27
  shape : (4, 4)
  dtype : float32
  first : [ 0.91002643 -0.16540499  0.3801225  -0.19133668]
  last  : [0. 0. 0. 1.]

KEY: frame_28
  shape : (4, 4)
  dtype : float32
  first : [ 0.8993904  -0.16295885  0.40563694 -0.19139437]
  last  : [0. 0. 0. 1.]

KEY: frame_29
  shape : (4, 4)
  dtype : float32
  first : [ 0.89820373 -0.15449706  0.41153455 -0.1911556 ]
  last  : [0. 0. 0. 1.]

KEY: frame_30
  shape : (4, 4)
  dtype : float32
  first : [ 0.9220339  -0.15115874  0.35637686 -0.19147912]
  last  : [0. 0. 0. 1.]

KEY: frame_31
  shape : (4, 4)
  dtype : float32
  first : [ 0.93159306 -0.13421206  0.33781865 -0.19142744]
  last  : [0. 0. 0. 1.]

KEY: frame_32
  shape : (4, 4)
  dtype : float32
  first : [ 0.9263185  -0.13470207  0.35183704 -0.19161586]
  last  : [0. 0. 0. 1.]

KEY: frame_33
  shape : (4, 4)
  dtype : float32
  first : [ 0.9280296  -0.14863132  0.34156963 -0.19163378]
  last  : [0. 0. 0. 1.]

KEY: frame_34
  shape : (4, 4)
  dtype : float32
  first : [ 0.9257372  -0.16175415  0.34182784 -0.19079828]
  last  : [0. 0. 0. 1.]

KEY: frame_35
  shape : (4, 4)
  dtype : float32
  first : [ 0.9256777  -0.1580185   0.3437308  -0.19067147]
  last  : [0. 0. 0. 1.]

KEY: frame_36
  shape : (4, 4)
  dtype : float32
  first : [ 0.91670674 -0.15319695  0.36902502 -0.19146228]
  last  : [0. 0. 0. 1.]

KEY: frame_37
  shape : (4, 4)
  dtype : float32
  first : [ 0.9127006  -0.14685339  0.38132882 -0.19119938]
  last  : [0. 0. 0. 1.]

KEY: frame_38
  shape : (4, 4)
  dtype : float32
  first : [ 0.90016377 -0.1550972   0.40700123 -0.19152476]
  last  : [0. 0. 0. 1.]

KEY: frame_39
  shape : (4, 4)
  dtype : float32
  first : [ 0.90337133 -0.14492606  0.40362936 -0.19126186]
  last  : [0. 0. 0. 1.]

KEY: frame_40
  shape : (4, 4)
  dtype : float32
  first : [ 0.90954506 -0.14957476  0.38775665 -0.19110446]
  last  : [0. 0. 0. 1.]

KEY: frame_41
  shape : (4, 4)
  dtype : float32
  first : [ 0.90775245 -0.15215322  0.39094105 -0.19079554]
  last  : [0. 0. 0. 1.]

KEY: frame_42
  shape : (4, 4)
  dtype : float32
  first : [ 0.8999618  -0.1680972   0.40225872 -0.19084671]
  last  : [0. 0. 0. 1.]

KEY: frame_43
  shape : (4, 4)
  dtype : float32
  first : [ 0.9059152  -0.17214397  0.38689038 -0.19079292]
  last  : [0. 0. 0. 1.]

KEY: frame_44
  shape : (4, 4)
  dtype : float32
  first : [ 0.900265   -0.17341638  0.39931157 -0.19068664]
  last  : [0. 0. 0. 1.]

KEY: frame_45
  shape : (4, 4)
  dtype : float32
  first : [ 0.8991668  -0.18074365  0.3985358  -0.1904992 ]
  last  : [0. 0. 0. 1.]

KEY: frame_46
  shape : (4, 4)
  dtype : float32
  first : [ 0.90518636 -0.17059068  0.38927692 -0.19113685]
  last  : [0. 0. 0. 1.]

KEY: frame_47
  shape : (4, 4)
  dtype : float32
  first : [ 0.90294063 -0.15374932  0.401322   -0.19130133]
  last  : [0. 0. 0. 1.]

KEY: frame_48
  shape : (4, 4)
  dtype : float32
  first : [ 0.90785336 -0.15802595  0.3883685  -0.19030678]
  last  : [0. 0. 0. 1.]

KEY: frame_49
  shape : (4, 4)
  dtype : float32
  first : [ 0.92267865 -0.13438828  0.36139163 -0.19171064]
  last  : [0. 0. 0. 1.]

KEY: frame_50
  shape : (4, 4)
  dtype : float32
  first : [ 0.9211719  -0.15135176  0.3585178  -0.19107915]
  last  : [0. 0. 0. 1.]

KEY: frame_51
  shape : (4, 4)
  dtype : float32
  first : [ 0.9283001  -0.16650786  0.3324667  -0.1905058 ]
  last  : [0. 0. 0. 1.]

KEY: frame_52
  shape : (4, 4)
  dtype : float32
  first : [ 0.93384445 -0.15178713  0.32387534 -0.19072114]
  last  : [0. 0. 0. 1.]

KEY: frame_53
  shape : (4, 4)
  dtype : float32
  first : [ 0.9472849  -0.1519114   0.28208914 -0.1918196 ]
  last  : [0. 0. 0. 1.]

KEY: frame_54
  shape : (4, 4)
  dtype : float32
  first : [ 0.95675904 -0.1429309   0.25334343 -0.19169843]
  last  : [0. 0. 0. 1.]

KEY: frame_55
  shape : (4, 4)
  dtype : float32
  first : [ 0.9477014  -0.144235    0.28470743 -0.1924045 ]
  last  : [0. 0. 0. 1.]

KEY: frame_56
  shape : (4, 4)
  dtype : float32
  first : [ 0.9407758  -0.1517864   0.30315313 -0.19200563]
  last  : [0. 0. 0. 1.]

KEY: frame_57
  shape : (4, 4)
  dtype : float32
  first : [ 0.9394359  -0.15883054  0.3036989  -0.19138499]
  last  : [0. 0. 0. 1.]

KEY: frame_58
  shape : (4, 4)
  dtype : float32
  first : [ 0.93688136 -0.16245443  0.30961564 -0.19143732]
  last  : [0. 0. 0. 1.]

KEY: frame_59
  shape : (4, 4)
  dtype : float32
  first : [ 0.93391573 -0.16558374  0.31683338 -0.19080955]
  last  : [0. 0. 0. 1.]

KEY: frame_60
  shape : (4, 4)
  dtype : float32
  first : [ 0.94747984 -0.15892212  0.2775351  -0.19080922]
  last  : [0. 0. 0. 1.]

KEY: frame_61
  shape : (4, 4)
  dtype : float32
  first : [ 0.9513475  -0.14541882  0.2716457  -0.19078092]
  last  : [0. 0. 0. 1.]

KEY: frame_62
  shape : (4, 4)
  dtype : float32
  first : [ 0.95043033 -0.13711683  0.27907205 -0.19148421]
  last  : [0. 0. 0. 1.]

KEY: frame_63
  shape : (4, 4)
  dtype : float32
  first : [ 0.95298004 -0.15163296  0.26236707 -0.19173808]
  last  : [0. 0. 0. 1.]

KEY: frame_64
  shape : (4, 4)
  dtype : float32
  first : [ 0.95376325 -0.14823689  0.2614603  -0.19165577]
  last  : [0. 0. 0. 1.]

KEY: frame_65
  shape : (4, 4)
  dtype : float32
  first : [ 0.9436735  -0.16174388  0.28865084 -0.19157323]
  last  : [0. 0. 0. 1.]

KEY: frame_66
  shape : (4, 4)
  dtype : float32
  first : [ 0.94392776 -0.16160977  0.2878934  -0.19133614]
  last  : [0. 0. 0. 1.]

KEY: frame_67
  shape : (4, 4)
  dtype : float32
  first : [ 0.9469345  -0.15946744  0.27907905 -0.19149049]
  last  : [0. 0. 0. 1.]

KEY: frame_68
  shape : (4, 4)
  dtype : float32
  first : [ 0.94227475 -0.16330814  0.29231617 -0.19142833]
  last  : [0. 0. 0. 1.]

KEY: frame_69
  shape : (4, 4)
  dtype : float32
  first : [ 0.9429101  -0.15400754  0.29530022 -0.1918003 ]
  last  : [0. 0. 0. 1.]

KEY: frame_70
  shape : (4, 4)
  dtype : float32
  first : [ 0.9346856  -0.15924801  0.31780967 -0.1913607 ]
  last  : [0. 0. 0. 1.]

KEY: frame_71
  shape : (4, 4)
  dtype : float32
  first : [ 0.9333887  -0.15757395  0.322422   -0.19105297]
  last  : [0. 0. 0. 1.]

KEY: frame_72
  shape : (4, 4)
  dtype : float32
  first : [ 0.9373628  -0.16364232  0.30752587 -0.19072366]
  last  : [0. 0. 0. 1.]

KEY: frame_73
  shape : (4, 4)
  dtype : float32
  first : [ 0.9409565  -0.16953437  0.29301703 -0.19121154]
  last  : [0. 0. 0. 1.]

KEY: frame_74
  shape : (4, 4)
  dtype : float32
  first : [ 0.94219446 -0.17023149  0.28860146 -0.19144931]
  last  : [0. 0. 0. 1.]

KEY: frame_75
  shape : (4, 4)
  dtype : float32
  first : [ 0.94971406 -0.16835073  0.26400983 -0.19160831]
  last  : [0. 0. 0. 1.]

KEY: frame_76
  shape : (4, 4)
  dtype : float32
  first : [ 0.9408836  -0.17381296  0.2907356  -0.19191739]
  last  : [0. 0. 0. 1.]

KEY: frame_77
  shape : (4, 4)
  dtype : float32
  first : [ 0.9503693  -0.15215205  0.27138165 -0.19192201]
  last  : [0. 0. 0. 1.]

KEY: frame_78
  shape : (4, 4)
  dtype : float32
  first : [ 0.9484752  -0.14808682  0.28011623 -0.19156054]
  last  : [0. 0. 0. 1.]

KEY: frame_79
  shape : (4, 4)
  dtype : float32
  first : [ 0.9434957  -0.1619612   0.2891098  -0.19106199]
  last  : [0. 0. 0. 1.]

KEY: frame_80
  shape : (4, 4)
  dtype : float32
  first : [ 0.94425255 -0.15698071  0.28938583 -0.19130626]
  last  : [0. 0. 0. 1.]

KEY: frame_81
  shape : (4, 4)
  dtype : float32
  first : [ 0.9351761  -0.16210598  0.3149085  -0.19203646]
  last  : [0. 0. 0. 1.]

KEY: frame_82
  shape : (4, 4)
  dtype : float32
  first : [ 0.93046653 -0.15144558  0.3336109  -0.19129862]
  last  : [0. 0. 0. 1.]

KEY: frame_83
  shape : (4, 4)
  dtype : float32
  first : [ 0.9240548  -0.16937041  0.34268996 -0.190535  ]
  last  : [0. 0. 0. 1.]

KEY: frame_84
  shape : (4, 4)
  dtype : float32
  first : [ 0.94585997 -0.13508049  0.29513082 -0.1911557 ]
  last  : [0. 0. 0. 1.]

KEY: frame_85
  shape : (4, 4)
  dtype : float32
  first : [ 0.9516423  -0.14485237  0.27091473 -0.19203052]
  last  : [0. 0. 0. 1.]

KEY: frame_86
  shape : (4, 4)
  dtype : float32
  first : [ 0.94645655 -0.15022813  0.2857472  -0.19208093]
  last  : [0. 0. 0. 1.]

KEY: frame_87
  shape : (4, 4)
  dtype : float32
  first : [ 0.9466153  -0.16213109  0.278627   -0.19183692]
  last  : [0. 0. 0. 1.]

KEY: frame_88
  shape : (4, 4)
  dtype : float32
  first : [ 0.95173174 -0.1550905   0.26486537 -0.19093436]
  last  : [0. 0. 0. 1.]

KEY: frame_89
  shape : (4, 4)
  dtype : float32
  first : [ 0.9487335  -0.16327572  0.27063963 -0.19189279]
  last  : [0. 0. 0. 1.]

KEY: frame_90
  shape : (4, 4)
  dtype : float32
  first : [ 0.944888   -0.1645634   0.28302926 -0.19139558]
  last  : [0. 0. 0. 1.]

KEY: frame_91
  shape : (4, 4)
  dtype : float32
  first : [ 0.9444592  -0.17086758  0.28071532 -0.19107758]
  last  : [0. 0. 0. 1.]

KEY: frame_92
  shape : (4, 4)
  dtype : float32
  first : [ 0.9413281  -0.15853669  0.29793867 -0.19116221]
  last  : [0. 0. 0. 1.]

KEY: frame_93
  shape : (4, 4)
  dtype : float32
  first : [ 0.93303305 -0.16565388  0.3193871  -0.19129688]
  last  : [0. 0. 0. 1.]

KEY: frame_94
  shape : (4, 4)
  dtype : float32
  first : [ 0.9304363  -0.18589659  0.31580174 -0.1905274 ]
  last  : [0. 0. 0. 1.]

KEY: frame_95
  shape : (4, 4)
  dtype : float32
  first : [ 0.9330357  -0.17553894  0.3140549  -0.18985829]
  last  : [0. 0. 0. 1.]

KEY: frame_96
  shape : (4, 4)
  dtype : float32
  first : [ 0.9432795  -0.16881588  0.28587574 -0.19104974]
  last  : [0. 0. 0. 1.]

KEY: frame_97
  shape : (4, 4)
  dtype : float32
  first : [ 0.9527023  -0.16564727  0.2547928  -0.1907406 ]
  last  : [0. 0. 0. 1.]

KEY: frame_98
  shape : (4, 4)
  dtype : float32
  first : [ 0.95894754 -0.1568806   0.23623726 -0.19119005]
  last  : [0. 0. 0. 1.]

KEY: frame_99
  shape : (4, 4)
  dtype : float32
  first : [ 0.958      -0.15282474  0.24265312 -0.19177431]
  last  : [0. 0. 0. 1.]

KEY: frame_100
  shape : (4, 4)
  dtype : float32
  first : [ 0.94948953 -0.14745659  0.27699482 -0.19105792]
  last  : [0. 0. 0. 1.]

KEY: frame_101
  shape : (4, 4)
  dtype : float32
  first : [ 0.93165475 -0.14665252  0.33243412 -0.19098069]
  last  : [0. 0. 0. 1.]

KEY: frame_102
  shape : (4, 4)
  dtype : float32
  first : [ 0.9240234  -0.15845065  0.34795713 -0.19042726]
  last  : [0. 0. 0. 1.]

KEY: frame_103
  shape : (4, 4)
  dtype : float32
  first : [ 0.9317858  -0.13134275  0.3384143  -0.1916334 ]
  last  : [0. 0. 0. 1.]

KEY: frame_104
  shape : (4, 4)
  dtype : float32
  first : [ 0.90816283 -0.16323304  0.38548055 -0.19082983]
  last  : [0. 0. 0. 1.]

KEY: frame_105
  shape : (4, 4)
  dtype : float32
  first : [ 0.9137976  -0.1745764   0.36673832 -0.18946902]
  last  : [0. 0. 0. 1.]

KEY: frame_106
  shape : (4, 4)
  dtype : float32
  first : [ 0.9294404  -0.15431757  0.33515167 -0.1908837 ]
  last  : [0. 0. 0. 1.]

KEY: frame_107
  shape : (4, 4)
  dtype : float32
  first : [ 0.92165494 -0.17177564  0.3479156  -0.19056925]
  last  : [0. 0. 0. 1.]

KEY: frame_108
  shape : (4, 4)
  dtype : float32
  first : [ 0.9323979  -0.17098546  0.31843075 -0.19073024]
  last  : [0. 0. 0. 1.]

KEY: frame_109
  shape : (4, 4)
  dtype : float32
  first : [ 0.9286367  -0.17968647  0.3245714  -0.19085777]
  last  : [0. 0. 0. 1.]

KEY: frame_110
  shape : (4, 4)
  dtype : float32
  first : [ 0.9526094  -0.17866065  0.24620259 -0.19006702]
  last  : [0. 0. 0. 1.]

KEY: frame_111
  shape : (4, 4)
  dtype : float32
  first : [ 0.9650887  -0.15891394  0.2082068  -0.19186796]
  last  : [0. 0. 0. 1.]

KEY: frame_112
  shape : (4, 4)
  dtype : float32
  first : [ 0.95111567 -0.18660763  0.2460825  -0.19151877]
  last  : [0. 0. 0. 1.]

KEY: frame_113
  shape : (4, 4)
  dtype : float32
  first : [ 0.9481346  -0.19818226  0.24852489 -0.19095002]
  last  : [0. 0. 0. 1.]

KEY: frame_114
  shape : (4, 4)
  dtype : float32
  first : [ 0.9493629  -0.18887241  0.25107244 -0.1919545 ]
  last  : [0. 0. 0. 1.]

KEY: frame_115
  shape : (4, 4)
  dtype : float32
  first : [ 0.9583523  -0.1687493   0.23040076 -0.19152376]
  last  : [0. 0. 0. 1.]

KEY: frame_116
  shape : (4, 4)
  dtype : float32
  first : [ 0.9442421  -0.18154022  0.2746816  -0.19165917]
  last  : [0. 0. 0. 1.]

KEY: frame_117
  shape : (4, 4)
  dtype : float32
  first : [ 0.9467308  -0.1814392   0.26604632 -0.19155136]
  last  : [0. 0. 0. 1.]

KEY: frame_118
  shape : (4, 4)
  dtype : float32
  first : [ 0.9544432  -0.16774586  0.24677812 -0.1917426 ]
  last  : [0. 0. 0. 1.]

KEY: frame_119
  shape : (4, 4)
  dtype : float32
  first : [ 0.9529419  -0.14936383  0.2638033  -0.19268999]
  last  : [0. 0. 0. 1.]

KEY: frame_120
  shape : (4, 4)
  dtype : float32
  first : [ 0.9433641  -0.15125361  0.2952737  -0.19239074]
  last  : [0. 0. 0. 1.]

KEY: frame_121
  shape : (4, 4)
  dtype : float32
  first : [ 0.94980794 -0.15541512  0.27149782 -0.19202545]
  last  : [0. 0. 0. 1.]

KEY: frame_122
  shape : (4, 4)
  dtype : float32
  first : [ 0.9389858  -0.15209354  0.30850157 -0.19276486]
  last  : [0. 0. 0. 1.]

KEY: frame_123
  shape : (4, 4)
  dtype : float32
  first : [ 0.95162106 -0.151209    0.26749432 -0.19196153]
  last  : [0. 0. 0. 1.]

KEY: frame_124
  shape : (4, 4)
  dtype : float32
  first : [ 0.9416003  -0.15559861  0.29862666 -0.19266887]
  last  : [0. 0. 0. 1.]

KEY: frame_125
  shape : (4, 4)
  dtype : float32
  first : [ 0.93954337 -0.16688973  0.2990085  -0.19231078]
  last  : [0. 0. 0. 1.]

KEY: frame_126
  shape : (4, 4)
  dtype : float32
  first : [ 0.9355419  -0.1478118   0.3208006  -0.19332048]
  last  : [0. 0. 0. 1.]

KEY: frame_127
  shape : (4, 4)
  dtype : float32
  first : [ 0.92692804 -0.1778959   0.3303899  -0.19158337]
  last  : [0. 0. 0. 1.]

KEY: frame_128
  shape : (4, 4)
  dtype : float32
  first : [ 0.9267148  -0.15826397  0.34081113 -0.1911575 ]
  last  : [0. 0. 0. 1.]

KEY: frame_129
  shape : (4, 4)
  dtype : float32
  first : [ 0.905859   -0.20407075  0.37118    -0.19178262]
  last  : [0. 0. 0. 1.]

KEY: frame_130
  shape : (4, 4)
  dtype : float32
  first : [ 0.92090476 -0.199707    0.334741   -0.19010858]
  last  : [0. 0. 0. 1.]

KEY: frame_131
  shape : (4, 4)
  dtype : float32
  first : [ 0.93485856 -0.18710797  0.30171195 -0.19167946]
  last  : [0. 0. 0. 1.]

KEY: frame_132
  shape : (4, 4)
  dtype : float32
  first : [ 0.9407602  -0.16062114  0.29861525 -0.19266362]
  last  : [0. 0. 0. 1.]

KEY: frame_133
  shape : (4, 4)
  dtype : float32
  first : [ 0.9516329  -0.13558178  0.2757035  -0.19286537]
  last  : [0. 0. 0. 1.]

KEY: frame_134
  shape : (4, 4)
  dtype : float32
  first : [ 0.96461755 -0.14876826  0.21767163 -0.19383165]
  last  : [0. 0. 0. 1.]

KEY: frame_135
  shape : (4, 4)
  dtype : float32
  first : [ 0.94606495 -0.18462953  0.26621988 -0.19311288]
  last  : [0. 0. 0. 1.]

KEY: frame_136
  shape : (4, 4)
  dtype : float32
  first : [ 0.9405305  -0.16584486  0.2964758  -0.192733  ]
  last  : [0. 0. 0. 1.]

KEY: frame_137
  shape : (4, 4)
  dtype : float32
  first : [ 0.93909496 -0.1705182   0.29836932 -0.19257814]
  last  : [0. 0. 0. 1.]

KEY: frame_138
  shape : (4, 4)
  dtype : float32
  first : [ 0.93642837 -0.16390528  0.31022087 -0.1915864 ]
  last  : [0. 0. 0. 1.]

KEY: frame_139
  shape : (4, 4)
  dtype : float32
  first : [ 0.9672686  -0.14636992  0.20728566 -0.19172367]
  last  : [0. 0. 0. 1.]

KEY: frame_140
  shape : (4, 4)
  dtype : float32
  first : [ 0.9809432  -0.12485459  0.14886846 -0.19199617]
  last  : [0. 0. 0. 1.]

KEY: frame_141
  shape : (4, 4)
  dtype : float32
  first : [ 0.97372776 -0.1988779   0.11091375 -0.1871886 ]
  last  : [0. 0. 0. 1.]

KEY: frame_142
  shape : (4, 4)
  dtype : float32
  first : [ 0.9662329  -0.24158755 -0.08960701 -0.18882015]
  last  : [0. 0. 0. 1.]

KEY: frame_143
  shape : (4, 4)
  dtype : float32
  first : [ 0.95929    -0.18150327 -0.21637735 -0.1898532 ]
  last  : [0. 0. 0. 1.]

KEY: frame_144
  shape : (4, 4)
  dtype : float32
  first : [ 0.9386046  -0.12486243 -0.32160667 -0.19069438]
  last  : [0. 0. 0. 1.]

KEY: frame_145
  shape : (4, 4)
  dtype : float32
  first : [ 0.8982128  -0.07730404 -0.43270987 -0.19008224]
  last  : [0. 0. 0. 1.]

KEY: frame_146
  shape : (4, 4)
  dtype : float32
  first : [ 0.8565431  -0.07063165 -0.5112192  -0.18867816]
  last  : [0. 0. 0. 1.]

KEY: frame_147
  shape : (4, 4)
  dtype : float32
  first : [ 0.8145018  -0.06915014 -0.5760252  -0.18679048]
  last  : [0. 0. 0. 1.]

KEY: frame_148
  shape : (4, 4)
  dtype : float32
  first : [ 0.74925345 -0.06757587 -0.6588268  -0.187656  ]
  last  : [0. 0. 0. 1.]

KEY: frame_149
  shape : (4, 4)
  dtype : float32
  first : [ 0.7209437  -0.06889251 -0.6895607  -0.18702179]
  last  : [0. 0. 0. 1.]

KEY: frame_150
  shape : (4, 4)
  dtype : float32
  first : [ 0.69736737 -0.07795273 -0.71246207 -0.18671659]
  last  : [0. 0. 0. 1.]

KEY: frame_151
  shape : (4, 4)
  dtype : float32
  first : [ 0.6465057  -0.0647534  -0.76015615 -0.18640213]
  last  : [0. 0. 0. 1.]

KEY: frame_152
  shape : (4, 4)
  dtype : float32
  first : [ 0.57613915 -0.04462372 -0.8161326  -0.18573311]
  last  : [0. 0. 0. 1.]

KEY: frame_153
  shape : (4, 4)
  dtype : float32
  first : [ 0.49253502 -0.02528001 -0.8699254  -0.18696816]
  last  : [0. 0. 0. 1.]

KEY: frame_154
  shape : (4, 4)
  dtype : float32
  first : [ 0.3881732  -0.03396525 -0.9209603  -0.18691789]
  last  : [0. 0. 0. 1.]

KEY: frame_155
  shape : (4, 4)
  dtype : float32
  first : [ 0.2153971  -0.05011913 -0.9752395  -0.18526794]
  last  : [0. 0. 0. 1.]

KEY: frame_156
  shape : (4, 4)
  dtype : float32
  first : [ 0.01177005 -0.0546665  -0.9984353  -0.18554993]
  last  : [0. 0. 0. 1.]

KEY: frame_157
  shape : (4, 4)
  dtype : float32
  first : [-0.13576296 -0.02843208 -0.9903333  -0.18653505]
  last  : [0. 0. 0. 1.]

KEY: frame_158
  shape : (4, 4)
  dtype : float32
  first : [-0.27899253 -0.02651093 -0.95992726 -0.18579482]
  last  : [0. 0. 0. 1.]

KEY: frame_159
  shape : (4, 4)
  dtype : float32
  first : [-0.40698507 -0.01009556 -0.913379   -0.18589355]
  last  : [0. 0. 0. 1.]

KEY: frame_160
  shape : (4, 4)
  dtype : float32
  first : [-0.56708765  0.01439951 -0.82353157 -0.18651044]
  last  : [0. 0. 0. 1.]

KEY: frame_161
  shape : (4, 4)
  dtype : float32
  first : [-0.59391516  0.03949093 -0.8035579  -0.18646494]
  last  : [0. 0. 0. 1.]

KEY: frame_162
  shape : (4, 4)
  dtype : float32
  first : [-0.6614245   0.0287787  -0.7494594  -0.18654439]
  last  : [0. 0. 0. 1.]

KEY: frame_163
  shape : (4, 4)
  dtype : float32
  first : [-0.7236412   0.0316482  -0.6894504  -0.18614101]
  last  : [0. 0. 0. 1.]

KEY: frame_164
  shape : (4, 4)
  dtype : float32
  first : [-0.77052325  0.03407565 -0.6365004  -0.18598707]
  last  : [0. 0. 0. 1.]

KEY: frame_165
  shape : (4, 4)
  dtype : float32
  first : [-0.82825077  0.04774189 -0.55832016 -0.18699336]
  last  : [0. 0. 0. 1.]

KEY: frame_166
  shape : (4, 4)
  dtype : float32
  first : [-0.86454636  0.05091082 -0.49996763 -0.18654104]
  last  : [0. 0. 0. 1.]

KEY: frame_167
  shape : (4, 4)
  dtype : float32
  first : [-0.8830568   0.04332726 -0.46726155 -0.18568523]
  last  : [0. 0. 0. 1.]

KEY: frame_168
  shape : (4, 4)
  dtype : float32
  first : [-0.8838783   0.05471105 -0.46450603 -0.186809  ]
  last  : [0. 0. 0. 1.]

KEY: frame_169
  shape : (4, 4)
  dtype : float32
  first : [-0.9008436   0.04726198 -0.43156353 -0.18601936]
  last  : [0. 0. 0. 1.]

KEY: frame_170
  shape : (4, 4)
  dtype : float32
  first : [-0.9049323   0.04451543 -0.4232208  -0.18594918]
  last  : [0. 0. 0. 1.]

KEY: frame_171
  shape : (4, 4)
  dtype : float32
  first : [-0.9134981   0.04081374 -0.40479064 -0.18578412]
  last  : [0. 0. 0. 1.]

KEY: frame_172
  shape : (4, 4)
  dtype : float32
  first : [-0.9010964   0.0359433  -0.43212658 -0.18549605]
  last  : [0. 0. 0. 1.]

KEY: frame_173
  shape : (4, 4)
  dtype : float32
  first : [-0.89863515  0.03838672 -0.43701416 -0.18598254]
  last  : [0. 0. 0. 1.]

KEY: frame_174
  shape : (4, 4)
  dtype : float32
  first : [-0.9073298   0.04705896 -0.41777763 -0.18614207]
  last  : [0. 0. 0. 1.]

KEY: frame_175
  shape : (4, 4)
  dtype : float32
  first : [-0.90057904  0.05034169 -0.43176743 -0.18639849]
  last  : [0. 0. 0. 1.]

KEY: frame_176
  shape : (4, 4)
  dtype : float32
  first : [-0.89398044  0.02841077 -0.44720447 -0.1859984 ]
  last  : [0. 0. 0. 1.]

KEY: frame_177
  shape : (4, 4)
  dtype : float32
  first : [-0.8879016   0.0480293  -0.45751932 -0.18604895]
  last  : [0. 0. 0. 1.]

KEY: frame_178
  shape : (4, 4)
  dtype : float32
  first : [-0.87934625 -0.0036759  -0.47616878 -0.18553288]
  last  : [0. 0. 0. 1.]

KEY: frame_179
  shape : (4, 4)
  dtype : float32
  first : [-0.8839966   0.01191172 -0.46734154 -0.18485011]
  last  : [0. 0. 0. 1.]

KEY: frame_180
  shape : (4, 4)
  dtype : float32
  first : [-0.86962056  0.00758657 -0.49366236 -0.18675317]
  last  : [0. 0. 0. 1.]

KEY: frame_181
  shape : (4, 4)
  dtype : float32
  first : [-0.8719863  -0.00703821 -0.48947957 -0.18649533]
  last  : [0. 0. 0. 1.]

KEY: frame_182
  shape : (4, 4)
  dtype : float32
  first : [-0.86194324  0.01498234 -0.5067834  -0.18620916]
  last  : [0. 0. 0. 1.]

KEY: frame_183
  shape : (4, 4)
  dtype : float32
  first : [-0.8413065   0.0132516  -0.5403959  -0.18593511]
  last  : [0. 0. 0. 1.]

KEY: frame_184
  shape : (4, 4)
  dtype : float32
  first : [-0.84539074  0.00904609 -0.5340718  -0.18714267]
  last  : [0. 0. 0. 1.]

KEY: frame_185
  shape : (4, 4)
  dtype : float32
  first : [-0.84775203  0.01847528 -0.53007084 -0.18671267]
  last  : [0. 0. 0. 1.]

KEY: frame_186
  shape : (4, 4)
  dtype : float32
  first : [-0.846915    0.03399528 -0.5306404  -0.18660407]
  last  : [0. 0. 0. 1.]

KEY: frame_187
  shape : (4, 4)
  dtype : float32
  first : [-0.8603822   0.04281644 -0.50784767 -0.1870668 ]
  last  : [0. 0. 0. 1.]

KEY: frame_188
  shape : (4, 4)
  dtype : float32
  first : [-0.87104166  0.0446045  -0.48917976 -0.18770497]
  last  : [0. 0. 0. 1.]

KEY: frame_189
  shape : (4, 4)
  dtype : float32
  first : [-0.8866103   0.031902   -0.46141562 -0.187626  ]
  last  : [0. 0. 0. 1.]

KEY: frame_190
  shape : (4, 4)
  dtype : float32
  first : [-0.9012778   0.02734778 -0.4323777  -0.18825372]
  last  : [0. 0. 0. 1.]

KEY: frame_191
  shape : (4, 4)
  dtype : float32
  first : [-0.9109403   0.01279254 -0.4123398  -0.18921845]
  last  : [0. 0. 0. 1.]

KEY: frame_192
  shape : (4, 4)
  dtype : float32
  first : [-0.9173598   0.00198113 -0.39805403 -0.18991368]
  last  : [0. 0. 0. 1.]

KEY: frame_193
  shape : (4, 4)
  dtype : float32
  first : [-0.94000345  0.00817441 -0.34106696 -0.19044279]
  last  : [0. 0. 0. 1.]

KEY: frame_194
  shape : (4, 4)
  dtype : float32
  first : [-0.9600284   0.00481528 -0.27986115 -0.19021161]
  last  : [0. 0. 0. 1.]

KEY: frame_195
  shape : (4, 4)
  dtype : float32
  first : [-0.96767914 -0.00554871 -0.25212353 -0.19039614]
  last  : [0. 0. 0. 1.]

KEY: frame_196
  shape : (4, 4)
  dtype : float32
  first : [-9.7584957e-01  5.6126311e-05 -2.1844353e-01 -1.9136247e-01]
  last  : [0. 0. 0. 1.]

KEY: frame_197
  shape : (4, 4)
  dtype : float32
  first : [-0.98069745  0.03746481 -0.19190857 -0.1923879 ]
  last  : [0. 0. 0. 1.]

KEY: frame_198
  shape : (4, 4)
  dtype : float32
  first : [-0.9831069   0.00777181 -0.18286727 -0.1930654 ]
  last  : [0. 0. 0. 1.]

KEY: frame_199
  shape : (4, 4)
  dtype : float32
  first : [-0.97930247  0.01085905 -0.20211065 -0.19253582]
  last  : [0. 0. 0. 1.]

KEY: frame_200
  shape : (4, 4)
  dtype : float32
  first : [-0.97751707 -0.00537288 -0.21078795 -0.19340865]
  last  : [0. 0. 0. 1.]

KEY: frame_201
  shape : (4, 4)
  dtype : float32
  first : [-0.98165125  0.00570542 -0.19059965 -0.1957059 ]
  last  : [0. 0. 0. 1.]

KEY: frame_202
  shape : (4, 4)
  dtype : float32
  first : [-0.984126    0.03585612 -0.17381144 -0.19818965]
  last  : [0. 0. 0. 1.]

KEY: frame_203
  shape : (4, 4)
  dtype : float32
  first : [-0.98554605  0.05243419 -0.16108887 -0.20043682]
  last  : [0. 0. 0. 1.]

KEY: frame_204
  shape : (4, 4)
  dtype : float32
  first : [-0.9912622   0.02662575 -0.12919125 -0.20100646]
  last  : [0. 0. 0. 1.]

KEY: frame_205
  shape : (4, 4)
  dtype : float32
  first : [-0.99414766  0.01749425 -0.10660359 -0.2003551 ]
  last  : [0. 0. 0. 1.]

KEY: frame_206
  shape : (4, 4)
  dtype : float32
  first : [-0.99065995  0.01760106 -0.13521475 -0.20030537]
  last  : [0. 0. 0. 1.]

KEY: frame_207
  shape : (4, 4)
  dtype : float32
  first : [-0.98831487  0.00230645 -0.15240881 -0.20098093]
  last  : [0. 0. 0. 1.]

KEY: frame_208
  shape : (4, 4)
  dtype : float32
  first : [-0.98581123  0.04596609 -0.16144125 -0.20375167]
  last  : [0. 0. 0. 1.]

KEY: frame_209
  shape : (4, 4)
  dtype : float32
  first : [-0.98944217  0.06323589 -0.13040483 -0.20283307]
  last  : [0. 0. 0. 1.]

KEY: frame_210
  shape : (4, 4)
  dtype : float32
  first : [-0.9859746   0.05996055 -0.15575229 -0.2029413 ]
  last  : [0. 0. 0. 1.]

KEY: frame_211
  shape : (4, 4)
  dtype : float32
  first : [-0.9833352   0.06570883 -0.16951178 -0.20334977]
  last  : [0. 0. 0. 1.]

KEY: frame_212
  shape : (4, 4)
  dtype : float32
  first : [-0.9796559   0.06057046 -0.1913257  -0.20294558]
  last  : [0. 0. 0. 1.]

KEY: frame_213
  shape : (4, 4)
  dtype : float32
  first : [-0.9786822   0.07194834 -0.19236562 -0.2033289 ]
  last  : [0. 0. 0. 1.]

KEY: frame_214
  shape : (4, 4)
  dtype : float32
  first : [-0.9776961   0.06739835 -0.19891648 -0.20345324]
  last  : [0. 0. 0. 1.]

KEY: frame_215
  shape : (4, 4)
  dtype : float32
  first : [-0.9773642   0.07430691 -0.19808513 -0.20436998]
  last  : [0. 0. 0. 1.]

KEY: frame_216
  shape : (4, 4)
  dtype : float32
  first : [-0.98164576  0.09576666 -0.16492519 -0.20530984]
  last  : [0. 0. 0. 1.]

KEY: frame_217
  shape : (4, 4)
  dtype : float32
  first : [-0.9835031   0.08255205 -0.16095597 -0.20570321]
  last  : [0. 0. 0. 1.]

KEY: frame_218
  shape : (4, 4)
  dtype : float32
  first : [-0.9860952   0.07317068 -0.14920571 -0.20487794]
  last  : [0. 0. 0. 1.]

KEY: frame_219
  shape : (4, 4)
  dtype : float32
  first : [-0.986801    0.07943342 -0.1411174  -0.20536123]
  last  : [0. 0. 0. 1.]

KEY: frame_220
  shape : (4, 4)
  dtype : float32
  first : [-0.9870729   0.06862577 -0.14483635 -0.20486924]
  last  : [0. 0. 0. 1.]

KEY: frame_221
  shape : (4, 4)
  dtype : float32
  first : [-0.9879035   0.06655663 -0.14006037 -0.20506963]
  last  : [0. 0. 0. 1.]

KEY: frame_222
  shape : (4, 4)
  dtype : float32
  first : [-0.9870736   0.06694292 -0.14561707 -0.20640962]
  last  : [0. 0. 0. 1.]

KEY: frame_223
  shape : (4, 4)
  dtype : float32
  first : [-0.9843681   0.06262026 -0.16461538 -0.20514154]
  last  : [0. 0. 0. 1.]

KEY: frame_224
  shape : (4, 4)
  dtype : float32
  first : [-0.98570967  0.06817597 -0.15404072 -0.2052044 ]
  last  : [0. 0. 0. 1.]

KEY: frame_225
  shape : (4, 4)
  dtype : float32
  first : [-0.98773736  0.07887219 -0.13473712 -0.20497651]
  last  : [0. 0. 0. 1.]

KEY: frame_226
  shape : (4, 4)
  dtype : float32
  first : [-0.98412305  0.09141539 -0.15213497 -0.20419034]
  last  : [0. 0. 0. 1.]

KEY: frame_227
  shape : (4, 4)
  dtype : float32
  first : [-0.9816038   0.1026246  -0.16100371 -0.20395817]
  last  : [0. 0. 0. 1.]

KEY: frame_228
  shape : (4, 4)
  dtype : float32
  first : [-0.9855223   0.06423941 -0.15690504 -0.20288244]
  last  : [0. 0. 0. 1.]

KEY: frame_229
  shape : (4, 4)
  dtype : float32
  first : [-0.99045086  0.06320195 -0.12252574 -0.20281126]
  last  : [0. 0. 0. 1.]

KEY: frame_230
  shape : (4, 4)
  dtype : float32
  first : [-0.9897207   0.07899532 -0.11921714 -0.20266593]
  last  : [0. 0. 0. 1.]

KEY: frame_231
  shape : (4, 4)
  dtype : float32
  first : [-0.9892127   0.08999845 -0.1155792  -0.20146047]
  last  : [0. 0. 0. 1.]

KEY: frame_232
  shape : (4, 4)
  dtype : float32
  first : [-0.98546     0.10803531 -0.13113742 -0.20093967]
  last  : [0. 0. 0. 1.]

KEY: frame_233
  shape : (4, 4)
  dtype : float32
  first : [-0.98442405  0.09382047 -0.14868411 -0.19958693]
  last  : [0. 0. 0. 1.]

KEY: frame_234
  shape : (4, 4)
  dtype : float32
  first : [-0.9844836   0.10667799 -0.1393263  -0.19976616]
  last  : [0. 0. 0. 1.]

KEY: frame_235
  shape : (4, 4)
  dtype : float32
  first : [-0.9862936   0.10700148 -0.12560084 -0.19890046]
  last  : [0. 0. 0. 1.]

KEY: frame_236
  shape : (4, 4)
  dtype : float32
  first : [-0.9838269   0.11373179 -0.13838267 -0.19819798]
  last  : [0. 0. 0. 1.]

KEY: frame_237
  shape : (4, 4)
  dtype : float32
  first : [-0.9843495   0.09998422 -0.14511798 -0.19663744]
  last  : [0. 0. 0. 1.]

KEY: frame_238
  shape : (4, 4)
  dtype : float32
  first : [-0.98349833  0.07285586 -0.16559906 -0.19575612]
  last  : [0. 0. 0. 1.]

KEY: frame_239
  shape : (4, 4)
  dtype : float32
  first : [-0.9841198   0.0519731  -0.16972655 -0.19487569]
  last  : [0. 0. 0. 1.]

KEY: frame_240
  shape : (4, 4)
  dtype : float32
  first : [-0.9821837   0.02878871 -0.18570517 -0.1936032 ]
  last  : [0. 0. 0. 1.]

KEY: frame_241
  shape : (4, 4)
  dtype : float32
  first : [-0.97878164  0.01413242 -0.20441815 -0.19320782]
  last  : [0. 0. 0. 1.]

KEY: frame_242
  shape : (4, 4)
  dtype : float32
  first : [-0.97667843  0.00884069 -0.21452528 -0.19323033]
  last  : [0. 0. 0. 1.]

KEY: frame_243
  shape : (4, 4)
  dtype : float32
  first : [-0.9729477   0.03678521 -0.22807807 -0.19293304]
  last  : [0. 0. 0. 1.]

KEY: frame_244
  shape : (4, 4)
  dtype : float32
  first : [-0.97671497  0.03665664 -0.21138626 -0.19267398]
  last  : [0. 0. 0. 1.]

KEY: frame_245
  shape : (4, 4)
  dtype : float32
  first : [-0.9748776   0.01588536 -0.22217412 -0.19161591]
  last  : [0. 0. 0. 1.]

KEY: frame_246
  shape : (4, 4)
  dtype : float32
  first : [-0.9796718   0.03146601 -0.1981241  -0.192789  ]
  last  : [0. 0. 0. 1.]

KEY: frame_247
  shape : (4, 4)
  dtype : float32
  first : [-0.98334724  0.04104896 -0.17704011 -0.19371884]
  last  : [0. 0. 0. 1.]

KEY: frame_248
  shape : (4, 4)
  dtype : float32
  first : [-0.9825871   0.01286109 -0.185357   -0.19222246]
  last  : [0. 0. 0. 1.]

KEY: frame_249
  shape : (4, 4)
  dtype : float32
  first : [-0.97986865 -0.00889324 -0.19944493 -0.19219474]
  last  : [0. 0. 0. 1.]

KEY: frame_250
  shape : (4, 4)
  dtype : float32
  first : [-0.9801568  -0.00365627 -0.19819    -0.19250388]
  last  : [0. 0. 0. 1.]

KEY: frame_251
  shape : (4, 4)
  dtype : float32
  first : [-0.9774837  -0.01035094 -0.21075706 -0.1925501 ]
  last  : [0. 0. 0. 1.]

KEY: frame_252
  shape : (4, 4)
  dtype : float32
  first : [-0.96713877 -0.0131794  -0.25390735 -0.19398652]
  last  : [0. 0. 0. 1.]

KEY: frame_253
  shape : (4, 4)
  dtype : float32
  first : [-0.96728736  0.00509475 -0.25363204 -0.19268529]
  last  : [0. 0. 0. 1.]

KEY: frame_254
  shape : (4, 4)
  dtype : float32
  first : [-0.96036595 -0.01063007 -0.27853957 -0.19291033]
  last  : [0. 0. 0. 1.]

KEY: frame_255
  shape : (4, 4)
  dtype : float32
  first : [-0.9451896  -0.02514519 -0.32555237 -0.19360456]
  last  : [0. 0. 0. 1.]

KEY: frame_256
  shape : (4, 4)
  dtype : float32
  first : [-0.9344416  -0.02642509 -0.35513464 -0.19457763]
  last  : [0. 0. 0. 1.]

KEY: frame_257
  shape : (4, 4)
  dtype : float32
  first : [-0.91988415 -0.03908709 -0.39023757 -0.1948516 ]
  last  : [0. 0. 0. 1.]

KEY: frame_258
  shape : (4, 4)
  dtype : float32
  first : [-0.9132844  -0.02009538 -0.40682644 -0.19478059]
  last  : [0. 0. 0. 1.]

KEY: frame_259
  shape : (4, 4)
  dtype : float32
  first : [-0.91814053 -0.00101895 -0.39625365 -0.19394805]
  last  : [0. 0. 0. 1.]

KEY: frame_260
  shape : (4, 4)
  dtype : float32
  first : [-0.9200709  -0.00280678 -0.39174193 -0.19294342]
  last  : [0. 0. 0. 1.]

KEY: frame_261
  shape : (4, 4)
  dtype : float32
  first : [-0.931444    0.01662124 -0.3635049  -0.1917205 ]
  last  : [0. 0. 0. 1.]

KEY: frame_262
  shape : (4, 4)
  dtype : float32
  first : [-0.9312228   0.03271895 -0.3629788  -0.19224061]
  last  : [0. 0. 0. 1.]

KEY: frame_263
  shape : (4, 4)
  dtype : float32
  first : [-0.9423862   0.06124807 -0.3288721  -0.19411524]
  last  : [0. 0. 0. 1.]

KEY: frame_264
  shape : (4, 4)
  dtype : float32
  first : [-0.9480395   0.0422946  -0.31532893 -0.19259179]
  last  : [0. 0. 0. 1.]

KEY: frame_265
  shape : (4, 4)
  dtype : float32
  first : [-0.9611419   0.04759752 -0.27192053 -0.19379011]
  last  : [0. 0. 0. 1.]

KEY: frame_266
  shape : (4, 4)
  dtype : float32
  first : [-0.9701686   0.03463681 -0.23994425 -0.19671498]
  last  : [0. 0. 0. 1.]

KEY: frame_267
  shape : (4, 4)
  dtype : float32
  first : [-0.9811009  -0.00371147 -0.1934611  -0.19662035]
  last  : [0. 0. 0. 1.]

KEY: frame_268
  shape : (4, 4)
  dtype : float32
  first : [-0.98805165 -0.0293508  -0.15130238 -0.1934727 ]
  last  : [0. 0. 0. 1.]

KEY: frame_269
  shape : (4, 4)
  dtype : float32
  first : [-9.9761045e-01 -9.3706156e-04 -6.9083758e-02 -1.9408198e-01]
  last  : [0. 0. 0. 1.]

KEY: frame_270
  shape : (4, 4)
  dtype : float32
  first : [-0.99601585 -0.00187906 -0.08915666 -0.1913945 ]
  last  : [0. 0. 0. 1.]

KEY: frame_271
  shape : (4, 4)
  dtype : float32
  first : [-0.9948929   0.07121585 -0.07152908 -0.19247858]
  last  : [0. 0. 0. 1.]

KEY: frame_272
  shape : (4, 4)
  dtype : float32
  first : [-0.98579144  0.08682969 -0.14379081 -0.19287705]
  last  : [0. 0. 0. 1.]

KEY: frame_273
  shape : (4, 4)
  dtype : float32
  first : [-0.9858792   0.06557686 -0.154084   -0.19507998]
  last  : [0. 0. 0. 1.]

KEY: frame_274
  shape : (4, 4)
  dtype : float32
  first : [-0.9762162   0.01479277 -0.21629396 -0.19628419]
  last  : [0. 0. 0. 1.]

KEY: frame_275
  shape : (4, 4)
  dtype : float32
  first : [-0.9571621  -0.05396028 -0.28448027 -0.19852425]
  last  : [0. 0. 0. 1.]

KEY: frame_276
  shape : (4, 4)
  dtype : float32
  first : [-0.94882303 -0.07186989 -0.30752173 -0.19911017]
  last  : [0. 0. 0. 1.]

KEY: frame_277
  shape : (4, 4)
  dtype : float32
  first : [-0.9374065  -0.07868458 -0.33923122 -0.19692528]
  last  : [0. 0. 0. 1.]

KEY: frame_278
  shape : (4, 4)
  dtype : float32
  first : [-0.93820626 -0.09581415 -0.33254883 -0.19548523]
  last  : [0. 0. 0. 1.]

KEY: frame_279
  shape : (4, 4)
  dtype : float32
  first : [-0.9378022  -0.07827064 -0.33823183 -0.19638579]
  last  : [0. 0. 0. 1.]

KEY: frame_280
  shape : (4, 4)
  dtype : float32
  first : [-0.9384291  -0.07791544 -0.33657086 -0.19507565]
  last  : [0. 0. 0. 1.]

KEY: frame_281
  shape : (4, 4)
  dtype : float32
  first : [-0.9154046  -0.08352493 -0.39377403 -0.19401191]
  last  : [0. 0. 0. 1.]

KEY: frame_282
  shape : (4, 4)
  dtype : float32
  first : [-0.9050778  -0.06596705 -0.42009825 -0.1934847 ]
  last  : [0. 0. 0. 1.]

KEY: frame_283
  shape : (4, 4)
  dtype : float32
  first : [-0.89841825 -0.04753317 -0.43656072 -0.19423904]
  last  : [0. 0. 0. 1.]

KEY: frame_284
  shape : (4, 4)
  dtype : float32
  first : [-0.8937417  -0.05848204 -0.44475344 -0.19571976]
  last  : [0. 0. 0. 1.]

KEY: frame_285
  shape : (4, 4)
  dtype : float32
  first : [-0.86159253 -0.07339895 -0.50226575 -0.19851688]
  last  : [0. 0. 0. 1.]

KEY: frame_286
  shape : (4, 4)
  dtype : float32
  first : [-0.8668138  -0.05161579 -0.49595326 -0.19881484]
  last  : [0. 0. 0. 1.]

KEY: frame_287
  shape : (4, 4)
  dtype : float32
  first : [-0.8548357  -0.04675431 -0.5167881  -0.19478466]
  last  : [0. 0. 0. 1.]

KEY: frame_288
  shape : (4, 4)
  dtype : float32
  first : [-8.4157574e-01  1.9392003e-06 -5.4013914e-01 -1.9407301e-01]
  last  : [0. 0. 0. 1.]

KEY: frame_289
  shape : (4, 4)
  dtype : float32
  first : [-0.847682    0.03815202 -0.52913105 -0.19524948]
  last  : [0. 0. 0. 1.]

KEY: frame_290
  shape : (4, 4)
  dtype : float32
  first : [-0.8491521   0.0583813  -0.5249118  -0.19803785]
  last  : [0. 0. 0. 1.]

KEY: frame_291
  shape : (4, 4)
  dtype : float32
  first : [-0.8483261   0.038498   -0.5280727  -0.19921951]
  last  : [0. 0. 0. 1.]

KEY: frame_292
  shape : (4, 4)
  dtype : float32
  first : [-0.8310519   0.02774114 -0.5555026  -0.19946174]
  last  : [0. 0. 0. 1.]

KEY: frame_293
  shape : (4, 4)
  dtype : float32
  first : [-0.8464881   0.06859577 -0.52797014 -0.19716935]
  last  : [0. 0. 0. 1.]

KEY: frame_294
  shape : (4, 4)
  dtype : float32
  first : [-0.8807759   0.07510536 -0.46753925 -0.19735716]
  last  : [0. 0. 0. 1.]

KEY: frame_295
  shape : (4, 4)
  dtype : float32
  first : [-0.8853303   0.03747057 -0.46345028 -0.19739436]
  last  : [0. 0. 0. 1.]

KEY: frame_296
  shape : (4, 4)
  dtype : float32
  first : [-0.88044804  0.02717643 -0.47336316 -0.196778  ]
  last  : [0. 0. 0. 1.]

KEY: frame_297
  shape : (4, 4)
  dtype : float32
  first : [-0.8919966   0.04648963 -0.44964507 -0.19840875]
  last  : [0. 0. 0. 1.]

KEY: frame_298
  shape : (4, 4)
  dtype : float32
  first : [-0.8850592   0.0329198  -0.4643129  -0.19816951]
  last  : [0. 0. 0. 1.]

KEY: frame_299
  shape : (4, 4)
  dtype : float32
  first : [-0.878305    0.03106885 -0.4770902  -0.19925024]
  last  : [0. 0. 0. 1.]

KEY: frame_300
  shape : (4, 4)
  dtype : float32
  first : [-0.8852616   0.04520768 -0.4628911  -0.19896224]
  last  : [0. 0. 0. 1.]

KEY: frame_301
  shape : (4, 4)
  dtype : float32
  first : [-0.8882677   0.0368174  -0.4578482  -0.19818938]
  last  : [0. 0. 0. 1.]

KEY: frame_302
  shape : (4, 4)
  dtype : float32
  first : [-0.8870224   0.04057409 -0.4599403  -0.19871466]
  last  : [0. 0. 0. 1.]

KEY: frame_303
  shape : (4, 4)
  dtype : float32
  first : [-0.8886022   0.03981944 -0.45694697 -0.19879365]
  last  : [0. 0. 0. 1.]

KEY: frame_304
  shape : (4, 4)
  dtype : float32
  first : [-0.8757777   0.02400427 -0.48211738 -0.19870417]
  last  : [0. 0. 0. 1.]

KEY: frame_305
  shape : (4, 4)
  dtype : float32
  first : [-0.884644    0.05000485 -0.46357796 -0.1991328 ]
  last  : [0. 0. 0. 1.]

KEY: frame_306
  shape : (4, 4)
  dtype : float32
  first : [-0.8903353   0.05780103 -0.45162156 -0.19918767]
  last  : [0. 0. 0. 1.]

KEY: frame_307
  shape : (4, 4)
  dtype : float32
  first : [-0.8984222   0.04682687 -0.4366289  -0.19794339]
  last  : [0. 0. 0. 1.]

KEY: frame_308
  shape : (4, 4)
  dtype : float32
  first : [-0.89683986  0.05712301 -0.43865162 -0.19902033]
  last  : [0. 0. 0. 1.]

KEY: frame_309
  shape : (4, 4)
  dtype : float32
  first : [-0.9048596   0.03524562 -0.42424852 -0.19817866]
  last  : [0. 0. 0. 1.]

KEY: frame_310
  shape : (4, 4)
  dtype : float32
  first : [-0.91157037  0.04158094 -0.40903607 -0.19771938]
  last  : [0. 0. 0. 1.]

KEY: frame_311
  shape : (4, 4)
  dtype : float32
  first : [-0.9034548   0.06312188 -0.4240107  -0.1984264 ]
  last  : [0. 0. 0. 1.]

KEY: frame_312
  shape : (4, 4)
  dtype : float32
  first : [-0.88448423  0.06237482 -0.4623819  -0.19879775]
  last  : [0. 0. 0. 1.]

KEY: frame_313
  shape : (4, 4)
  dtype : float32
  first : [-0.904997    0.05289132 -0.4221172  -0.19837365]
  last  : [0. 0. 0. 1.]

KEY: frame_314
  shape : (4, 4)
  dtype : float32
  first : [-0.91031086  0.07120737 -0.4077544  -0.19882885]
  last  : [0. 0. 0. 1.]

KEY: frame_315
  shape : (4, 4)
  dtype : float32
  first : [-0.91294885  0.06789774 -0.4023857  -0.19827369]
  last  : [0. 0. 0. 1.]

KEY: frame_316
  shape : (4, 4)
  dtype : float32
  first : [-0.90058315  0.07478283 -0.4282027  -0.19868304]
  last  : [0. 0. 0. 1.]

KEY: frame_317
  shape : (4, 4)
  dtype : float32
  first : [-0.897808    0.082994   -0.432496   -0.19907376]
  last  : [0. 0. 0. 1.]

KEY: frame_318
  shape : (4, 4)
  dtype : float32
  first : [-0.9111376   0.0716739  -0.40582162 -0.19866385]
  last  : [0. 0. 0. 1.]

KEY: frame_319
  shape : (4, 4)
  dtype : float32
  first : [-0.91158533  0.06241013 -0.4063461  -0.19858333]
  last  : [0. 0. 0. 1.]

KEY: frame_320
  shape : (4, 4)
  dtype : float32
  first : [-0.90814704  0.05354    -0.41521367 -0.19830926]
  last  : [0. 0. 0. 1.]

KEY: frame_321
  shape : (4, 4)
  dtype : float32
  first : [-0.9062665   0.06694027 -0.4173727  -0.19823231]
  last  : [0. 0. 0. 1.]

KEY: frame_322
  shape : (4, 4)
  dtype : float32
  first : [-0.8956997   0.06735171 -0.43952915 -0.19876978]
  last  : [0. 0. 0. 1.]

KEY: frame_323
  shape : (4, 4)
  dtype : float32
  first : [-0.8776328   0.06790462 -0.47449937 -0.19855605]
  last  : [0. 0. 0. 1.]

KEY: frame_324
  shape : (4, 4)
  dtype : float32
  first : [-0.8832064   0.05229816 -0.4660594  -0.19883047]
  last  : [0. 0. 0. 1.]

KEY: frame_325
  shape : (4, 4)
  dtype : float32
  first : [-0.88658327  0.03472059 -0.4612641  -0.1981328 ]
  last  : [0. 0. 0. 1.]

KEY: frame_326
  shape : (4, 4)
  dtype : float32
  first : [-0.89069295  0.0230184  -0.45402223 -0.19798733]
  last  : [0. 0. 0. 1.]

KEY: frame_327
  shape : (4, 4)
  dtype : float32
  first : [-0.9103783   0.03606803 -0.41220197 -0.19799148]
  last  : [0. 0. 0. 1.]

KEY: frame_328
  shape : (4, 4)
  dtype : float32
  first : [-0.9213423   0.04635559 -0.38597864 -0.19780041]
  last  : [0. 0. 0. 1.]

KEY: frame_329
  shape : (4, 4)
  dtype : float32
  first : [-0.92172563  0.04573953 -0.38513598 -0.19782574]
  last  : [0. 0. 0. 1.]

KEY: frame_330
  shape : (4, 4)
  dtype : float32
  first : [-0.91138077  0.03939552 -0.4096744  -0.19803628]
  last  : [0. 0. 0. 1.]

KEY: frame_331
  shape : (4, 4)
  dtype : float32
  first : [-0.9063997   0.0594399  -0.41821814 -0.19882505]
  last  : [0. 0. 0. 1.]

KEY: frame_332
  shape : (4, 4)
  dtype : float32
  first : [-0.8990192   0.04841631 -0.4352245  -0.19839735]
  last  : [0. 0. 0. 1.]

KEY: frame_333
  shape : (4, 4)
  dtype : float32
  first : [-0.9053027   0.03210886 -0.42355168 -0.19777483]
  last  : [0. 0. 0. 1.]

KEY: frame_334
  shape : (4, 4)
  dtype : float32
  first : [-0.8907388   0.04439148 -0.45234257 -0.19858174]
  last  : [0. 0. 0. 1.]

KEY: frame_335
  shape : (4, 4)
  dtype : float32
  first : [-0.8914817   0.03086529 -0.45200413 -0.19772296]
  last  : [0. 0. 0. 1.]

KEY: frame_336
  shape : (4, 4)
  dtype : float32
  first : [-0.90279466  0.02907631 -0.4290878  -0.19832805]
  last  : [0. 0. 0. 1.]

KEY: frame_337
  shape : (4, 4)
  dtype : float32
  first : [-0.9169459   0.02608274 -0.3981582  -0.19779113]
  last  : [0. 0. 0. 1.]

KEY: frame_338
  shape : (4, 4)
  dtype : float32
  first : [-0.9103246   0.04403747 -0.41154575 -0.1988389 ]
  last  : [0. 0. 0. 1.]

KEY: frame_339
  shape : (4, 4)
  dtype : float32
  first : [-0.8958896   0.0467361  -0.44181174 -0.19810861]
  last  : [0. 0. 0. 1.]

KEY: frame_340
  shape : (4, 4)
  dtype : float32
  first : [-0.9065033   0.05280391 -0.41888362 -0.1984927 ]
  last  : [0. 0. 0. 1.]

KEY: frame_341
  shape : (4, 4)
  dtype : float32
  first : [-0.90656567  0.05459931 -0.41851833 -0.19864672]
  last  : [0. 0. 0. 1.]

KEY: frame_342
  shape : (4, 4)
  dtype : float32
  first : [-0.91024095  0.04528669 -0.41159508 -0.19808345]
  last  : [0. 0. 0. 1.]

KEY: frame_343
  shape : (4, 4)
  dtype : float32
  first : [-0.9060237   0.05098668 -0.4201446  -0.19824073]
  last  : [0. 0. 0. 1.]

KEY: frame_344
  shape : (4, 4)
  dtype : float32
  first : [-0.90288246  0.05630045 -0.4261848  -0.19849414]
  last  : [0. 0. 0. 1.]

KEY: frame_345
  shape : (4, 4)
  dtype : float32
  first : [-0.9121702   0.05359933 -0.40629143 -0.19798052]
  last  : [0. 0. 0. 1.]

KEY: frame_346
  shape : (4, 4)
  dtype : float32
  first : [-0.910024    0.06109935 -0.41002828 -0.19819228]
  last  : [0. 0. 0. 1.]

KEY: frame_347
  shape : (4, 4)
  dtype : float32
  first : [-0.9067195   0.05406348 -0.41825452 -0.19846639]
  last  : [0. 0. 0. 1.]

KEY: frame_348
  shape : (4, 4)
  dtype : float32
  first : [-0.89188117  0.0516909  -0.44930616 -0.19861625]
  last  : [0. 0. 0. 1.]

KEY: frame_349
  shape : (4, 4)
  dtype : float32
  first : [-0.8939575   0.05549472 -0.4447025  -0.19848055]
  last  : [0. 0. 0. 1.]

KEY: frame_350
  shape : (4, 4)
  dtype : float32
  first : [-0.8930098   0.04546535 -0.44773483 -0.19898202]
  last  : [0. 0. 0. 1.]

KEY: frame_351
  shape : (4, 4)
  dtype : float32
  first : [-0.89184374  0.03789941 -0.45075315 -0.1979154 ]
  last  : [0. 0. 0. 1.]

KEY: frame_352
  shape : (4, 4)
  dtype : float32
  first : [-0.87860876  0.04078805 -0.47579718 -0.19890794]
  last  : [0. 0. 0. 1.]

KEY: frame_353
  shape : (4, 4)
  dtype : float32
  first : [-0.8781825   0.03288701 -0.47719383 -0.19821113]
  last  : [0. 0. 0. 1.]

KEY: frame_354
  shape : (4, 4)
  dtype : float32
  first : [-0.86306024  0.04081413 -0.5034493  -0.19896588]
  last  : [0. 0. 0. 1.]

KEY: frame_355
  shape : (4, 4)
  dtype : float32
  first : [-0.8607554   0.0346989  -0.5078348  -0.19883104]
  last  : [0. 0. 0. 1.]

KEY: frame_356
  shape : (4, 4)
  dtype : float32
  first : [-0.86509335  0.0327372  -0.5005415  -0.19923407]
  last  : [0. 0. 0. 1.]

KEY: frame_357
  shape : (4, 4)
  dtype : float32
  first : [-0.8686849   0.03023166 -0.4944417  -0.1982901 ]
  last  : [0. 0. 0. 1.]

KEY: frame_358
  shape : (4, 4)
  dtype : float32
  first : [-0.8604089   0.03266951 -0.50855607 -0.19878937]
  last  : [0. 0. 0. 1.]

KEY: frame_359
  shape : (4, 4)
  dtype : float32
  first : [-0.8533604   0.04792002 -0.51911426 -0.19956961]
  last  : [0. 0. 0. 1.]

KEY: frame_360
  shape : (4, 4)
  dtype : float32
  first : [-0.8485195   0.04590221 -0.5271694  -0.19904213]
  last  : [0. 0. 0. 1.]

KEY: frame_361
  shape : (4, 4)
  dtype : float32
  first : [-0.8522938   0.05597202 -0.52006006 -0.1995498 ]
  last  : [0. 0. 0. 1.]

KEY: frame_362
  shape : (4, 4)
  dtype : float32
  first : [-0.8215342   0.04233955 -0.568585   -0.19999976]
  last  : [0. 0. 0. 1.]

KEY: frame_363
  shape : (4, 4)
  dtype : float32
  first : [-0.82567644  0.04598765 -0.56226647 -0.199811  ]
  last  : [0. 0. 0. 1.]

KEY: frame_364
  shape : (4, 4)
  dtype : float32
  first : [-0.8341163   0.04360546 -0.5498624  -0.19925024]
  last  : [0. 0. 0. 1.]

KEY: frame_365
  shape : (4, 4)
  dtype : float32
  first : [-0.838013    0.04277173 -0.5439713  -0.1995924 ]
  last  : [0. 0. 0. 1.]

KEY: frame_366
  shape : (4, 4)
  dtype : float32
  first : [-0.8427168   0.04917277 -0.5361067  -0.19965991]
  last  : [0. 0. 0. 1.]

KEY: frame_367
  shape : (4, 4)
  dtype : float32
  first : [-0.8357593   0.03773125 -0.54779816 -0.20031947]
  last  : [0. 0. 0. 1.]

KEY: frame_368
  shape : (4, 4)
  dtype : float32
  first : [-0.8365471   0.03760902 -0.5466027  -0.19931228]
  last  : [0. 0. 0. 1.]

KEY: frame_369
  shape : (4, 4)
  dtype : float32
  first : [-0.8325072   0.04272272 -0.55236447 -0.19950628]
  last  : [0. 0. 0. 1.]

KEY: frame_370
  shape : (4, 4)
  dtype : float32
  first : [-0.8330791   0.04600009 -0.5512379  -0.19988094]
  last  : [0. 0. 0. 1.]

KEY: frame_371
  shape : (4, 4)
  dtype : float32
  first : [-0.84508556  0.03632822 -0.5333954  -0.1995862 ]
  last  : [0. 0. 0. 1.]

KEY: frame_372
  shape : (4, 4)
  dtype : float32
  first : [-0.849805    0.03063429 -0.5262062  -0.19891277]
  last  : [0. 0. 0. 1.]

KEY: frame_373
  shape : (4, 4)
  dtype : float32
  first : [-0.8539428   0.02528316 -0.51975226 -0.19902526]
  last  : [0. 0. 0. 1.]

KEY: frame_374
  shape : (4, 4)
  dtype : float32
  first : [-0.84772474  0.03329233 -0.52939063 -0.19893311]
  last  : [0. 0. 0. 1.]

KEY: frame_375
  shape : (4, 4)
  dtype : float32
  first : [-0.8559143   0.02884329 -0.5163127  -0.1985992 ]
  last  : [0. 0. 0. 1.]

KEY: frame_376
  shape : (4, 4)
  dtype : float32
  first : [-0.85524017  0.0306088  -0.51732713 -0.19879372]
  last  : [0. 0. 0. 1.]

KEY: frame_377
  shape : (4, 4)
  dtype : float32
  first : [-0.8516072   0.03625767 -0.522925   -0.1987573 ]
  last  : [0. 0. 0. 1.]

KEY: frame_378
  shape : (4, 4)
  dtype : float32
  first : [-0.854769    0.03429875 -0.51787406 -0.19910133]
  last  : [0. 0. 0. 1.]

KEY: frame_379
  shape : (4, 4)
  dtype : float32
  first : [-0.84483004  0.03563902 -0.5338465  -0.19886453]
  last  : [0. 0. 0. 1.]

KEY: frame_380
  shape : (4, 4)
  dtype : float32
  first : [-0.85028267  0.05093894 -0.5238555  -0.19880317]
  last  : [0. 0. 0. 1.]

KEY: frame_381
  shape : (4, 4)
  dtype : float32
  first : [-0.86266714  0.05137702 -0.5031558  -0.19856755]
  last  : [0. 0. 0. 1.]

KEY: frame_382
  shape : (4, 4)
  dtype : float32
  first : [-0.8753303   0.02715532 -0.48276228 -0.19804408]
  last  : [0. 0. 0. 1.]

KEY: frame_383
  shape : (4, 4)
  dtype : float32
  first : [-0.87551224  0.01745553 -0.48288056 -0.1982172 ]
  last  : [0. 0. 0. 1.]

KEY: frame_384
  shape : (4, 4)
  dtype : float32
  first : [-0.8985023   0.04125858 -0.43702564 -0.1982258 ]
  last  : [0. 0. 0. 1.]

KEY: frame_385
  shape : (4, 4)
  dtype : float32
  first : [-0.9078946   0.02900282 -0.418194   -0.19739385]
  last  : [0. 0. 0. 1.]

KEY: frame_386
  shape : (4, 4)
  dtype : float32
  first : [-0.9158747   0.04623102 -0.3987934  -0.19766355]
  last  : [0. 0. 0. 1.]

KEY: frame_387
  shape : (4, 4)
  dtype : float32
  first : [-0.9234282   0.0519714  -0.38023588 -0.19765697]
  last  : [0. 0. 0. 1.]

KEY: frame_388
  shape : (4, 4)
  dtype : float32
  first : [-0.9211458   0.05038347 -0.38594285 -0.1979651 ]
  last  : [0. 0. 0. 1.]

KEY: frame_389
  shape : (4, 4)
  dtype : float32
  first : [-0.9293446   0.04552397 -0.36639616 -0.19794065]
  last  : [0. 0. 0. 1.]

KEY: frame_390
  shape : (4, 4)
  dtype : float32
  first : [-0.9277533   0.03035168 -0.37195775 -0.19717693]
  last  : [0. 0. 0. 1.]

KEY: frame_391
  shape : (4, 4)
  dtype : float32
  first : [-0.9250381   0.02926213 -0.37874562 -0.19738713]
  last  : [0. 0. 0. 1.]

KEY: frame_392
  shape : (4, 4)
  dtype : float32
  first : [-0.91789865  0.04202122 -0.3945837  -0.19798164]
  last  : [0. 0. 0. 1.]

KEY: frame_393
  shape : (4, 4)
  dtype : float32
  first : [-0.9110379   0.06647453 -0.40692875 -0.19861938]
  last  : [0. 0. 0. 1.]

KEY: frame_394
  shape : (4, 4)
  dtype : float32
  first : [-0.9051683   0.04626479 -0.422528   -0.197996  ]
  last  : [0. 0. 0. 1.]

KEY: frame_395
  shape : (4, 4)
  dtype : float32
  first : [-0.90707856  0.04074538 -0.4189849  -0.1975137 ]
  last  : [0. 0. 0. 1.]

KEY: frame_396
  shape : (4, 4)
  dtype : float32
  first : [-0.89262885  0.04033059 -0.44898468 -0.19806653]
  last  : [0. 0. 0. 1.]

KEY: frame_397
  shape : (4, 4)
  dtype : float32
  first : [-0.89354706  0.04768474 -0.44643012 -0.1987326 ]
  last  : [0. 0. 0. 1.]

KEY: frame_398
  shape : (4, 4)
  dtype : float32
  first : [-0.8957035   0.0466161  -0.44220158 -0.19817972]
  last  : [0. 0. 0. 1.]

KEY: frame_399
  shape : (4, 4)
  dtype : float32
  first : [-0.88885605  0.03666957 -0.45671684 -0.19827613]
  last  : [0. 0. 0. 1.]

KEY: frame_400
  shape : (4, 4)
  dtype : float32
  first : [-0.8869938   0.03846645 -0.46017638 -0.19767745]
  last  : [0. 0. 0. 1.]

KEY: frame_401
  shape : (4, 4)
  dtype : float32
  first : [-0.88681734  0.0382864  -0.4605314  -0.19809721]
  last  : [0. 0. 0. 1.]

KEY: frame_402
  shape : (4, 4)
  dtype : float32
  first : [-0.88789105  0.03590747 -0.45865038 -0.1979072 ]
  last  : [0. 0. 0. 1.]

KEY: frame_403
  shape : (4, 4)
  dtype : float32
  first : [-0.88404274  0.04256945 -0.46546355 -0.19873196]
  last  : [0. 0. 0. 1.]

======================================================================
OBJECT MESH
======================================================================
path : hrdexdb/assets/mesh/apple/apple.obj
vertices : 36745
faces    : 73678
bounds   :
[[-0.04056922 -0.04082062 -0.04012699]
 [ 0.04048284  0.04081882  0.04007926]]
size     : [0.08105206 0.08163944 0.08020625]

################################################################################
# CAMERA
################################################################################

======================================================================
CAMERA C2R
======================================================================
path : hrdexdb/allegro_v5/apple/4/C2R.npy
type  : NPY
shape : (4, 4)
dtype : float64
first : [-0.04052417  0.99801019  0.04830579 -0.20430632]
last  : [0. 0. 0. 1.]

CAMERA C2R matrix:
[[-0.04052417  0.99801019  0.04830579 -0.20430632]
 [ 0.98127794  0.04886187 -0.18629581 -0.5513926 ]
 [-0.18828543  0.03985193 -0.98130547  0.74633484]
 [ 0.          0.          0.          1.        ]]

################################################################################
# TIMESTAMPS
################################################################################

ARM TIME
length   : 1798
first    : 1779533180.944886
last     : 1779533194.8470635
duration : 13.902177572250366

HAND TIME
length   : 1357
first    : 1779533180.9477208
last     : 1779533194.8877592
duration : 13.940038442611694

FRAME ID
shape : (407,)
first 20 : [ 1  2  3  4  5  6  7  8  9 10 11 12 13 14 15 16 17 18 19 20]
last 20  : [388 389 390 391 392 393 394 395 396 397 398 399 400 401 402 403 404 405
 406 407]

TIMESTAMP
shape    : (407,)
first 20 : [1.77953318e+09 1.77953318e+09 1.77953318e+09 1.77953318e+09
 1.77953318e+09 1.77953318e+09 1.77953318e+09 1.77953318e+09
 1.77953318e+09 1.77953318e+09 1.77953318e+09 1.77953318e+09
 1.77953318e+09 1.77953318e+09 1.77953318e+09 1.77953318e+09
 1.77953318e+09 1.77953318e+09 1.77953318e+09 1.77953318e+09]
last 20  : [1.7795332e+09 1.7795332e+09 1.7795332e+09 1.7795332e+09 1.7795332e+09
 1.7795332e+09 1.7795332e+09 1.7795332e+09 1.7795332e+09 1.7795332e+09
 1.7795332e+09 1.7795332e+09 1.7795332e+09 1.7795332e+09 1.7795332e+09
 1.7795332e+09 1.7795332e+09 1.7795332e+09 1.7795332e+09 1.7795332e+09]
duration : 12.313201904296875
